"Path","Slice Name","Alias(s)","Label","Min","Max","Must Support?","Is Modifier?","Is Summary?","Type(s)","Short","Definition","Comments","Requirements","Default Value","Meaning When Missing","Fixed Value","Pattern","Example","Minimum Value","Maximum Value","Maximum Length","Binding Strength","Binding Description","Binding Value Set","Code","Slicing Discriminator","Slicing Description","Slicing Ordered","Slicing Rules","Base Path","Base Min","Base Max","Condition(s)","Constraint(s)","Mapping: HL7 v2 Mapping","Mapping: RIM Mapping","Mapping: FiveWs Pattern Mapping"
"MessageHeader","","","",0,*,"","","","","A resource that describes a message that is exchanged between systems","The header for a message exchange that is either requesting or responding to an action.  The reference(s) that are the subject of the action as well as other information related to the action are typically transmitted in a bundle in which the MessageHeader resource instance is the first resource in the bundle.","","","","","","","","","",,,,,"",,,,"MessageHeader",0,*,"","dom-2:If the resource is contained in another resource, it SHALL NOT contain nested Resources {contained.contained.empty()}
dom-3:If the resource is contained in another resource, it SHALL be referred to from elsewhere in the resource or SHALL refer to the containing resource {contained.where((('#'+id in (%resource.descendants().reference | %resource.descendants().as(canonical) | %resource.descendants().as(uri) | %resource.descendants().as(url))) or descendants().where(reference = '#').exists() or descendants().where(as(canonical) = '#').exists() or descendants().where(as(canonical) = '#').exists()).not()).trace('unmatched', id).empty()}dom-4:If a resource is contained in another resource, it SHALL NOT have a meta.versionId or a meta.lastUpdated {contained.meta.versionId.empty() and contained.meta.lastUpdated.empty()}dom-5:If a resource is contained in another resource, it SHALL NOT have a security label {contained.meta.security.empty()}dom-6:A resource should have narrative for robust management {text.`div`.exists()}","MSH / MSA / ERR","Entity. Role, or Act","Message"
"MessageHeader.id","","","",0,1,"","","Y","string {[]} {[]}
","Logical id of this artifact","The logical id of the resource, as used in the URL for the resource. Once assigned, this value never changes.","The only time that a resource does not have an id is when it is being submitted to the server using a create operation.","","","","","","","","",,,,,"",,,,"Resource.id",0,1,"",""
"MessageHeader.meta","","","",0,1,"","","Y","Meta {[]} {[]}
","Metadata about the resource","The metadata about the resource. This is content that is maintained by the infrastructure. Changes to the content might not always be associated with version changes to the resource.","","","","","","","","","",,,,,"",,,,"Resource.meta",0,1,"","ele-1:All FHIR elements must have a @value or children {hasValue() or (children().count() > id.count())}
"
"MessageHeader.implicitRules","","","",0,1,"","Y","Y","uri {[]} {[]}
","A set of rules under which this content was created","A reference to a set of rules that were followed when the resource was constructed, and which must be understood when processing the content. Often, this is a reference to an implementation guide that defines the special rules along with other profiles etc.","Asserting this rule set restricts the content to be only understood by a limited set of trading partners. This inherently limits the usefulness of the data in the long term. However, the existing health eco-system is highly fractured, and not yet ready to define, collect, and exchange data in a generally computable sense. Wherever possible, implementers and/or specification writers should avoid using this element. Often, when used, the URL is a reference to an implementation guide that defines these special rules as part of it's narrative along with other profiles, value sets, etc.","","","","","","","","",,,,,"",,,,"Resource.implicitRules",0,1,"","ele-1:All FHIR elements must have a @value or children {hasValue() or (children().count() > id.count())}
"
"MessageHeader.language","","","",0,1,"","","","code {[]} {[]}
","Language of the resource content","The base language in which the resource is written.","Language is provided to support indexing and accessibility (typically, services such as text to speech use the language tag). The html language tag in the narrative applies  to the narrative. The language tag on the resource may be used to specify the language of other presentations generated from the data in the resource. Not all the content has to be in the base language. The Resource.language should not be assumed to apply to the narrative automatically. If a language is specified, it should it also be specified on the div element in the html (see rules in HTML5 for information about the relationship between xml:lang and the html lang attribute).","","","","","","","","",,"preferred","A human language.","http://hl7.org/fhir/ValueSet/languages","",,,,"Resource.language",0,1,"","ele-1:All FHIR elements must have a @value or children {hasValue() or (children().count() > id.count())}
"
"MessageHeader.text","","narrative
htmlxhtmldisplay","",0,1,"","","","Narrative {[]} {[]}
","Text summary of the resource, for human interpretation","A human-readable narrative that contains a summary of the resource and can be used to represent the content of the resource to a human. The narrative need not encode all the structured data, but is required to contain sufficient detail to make it ""clinically safe"" for a human to just read the narrative. Resource definitions may define what content should be represented in the narrative to ensure clinical safety.","Contained resources do not have narrative. Resources that are not contained SHOULD have a narrative. In some cases, a resource may only have text with little or no additional discrete data (as long as all minOccurs=1 elements are satisfied).  This may be necessary for data from legacy systems where information is captured as a ""text blob"" or where text is additionally entered raw or narrated and encoded information is added later.","","","","","","","","",,,,,"",,,,"DomainResource.text",0,1,"","ele-1:All FHIR elements must have a @value or children {hasValue() or (children().count() > id.count())}
","Act.text?"
"MessageHeader.contained","","inline resources
anonymous resourcescontained resources","",0,*,"","","","Resource {[]} {[]}
","Contained, inline Resources","These resources do not have an independent existence apart from the resource that contains them - they cannot be identified independently, and nor can they have their own independent transaction scope.","This should never be done when the content can be identified properly, as once identification is lost, it is extremely difficult (and context dependent) to restore it again. Contained resources may have profiles and tags In their meta elements, but SHALL NOT have security labels.","","","","","","","","",,,,,"",,,,"DomainResource.contained",0,*,"","","N/A"
"MessageHeader.extension","","extensions
user content","",0,*,"","","","Extension {[]} {[]}
","Additional content defined by implementations","May be used to represent additional information that is not part of the basic definition of the resource. To make the use of extensions safe and manageable, there is a strict set of governance  applied to the definition and use of extensions. Though any implementer can define an extension, there is a set of requirements that SHALL be met as part of the definition of the extension.","There can be no stigma associated with the use of extensions by any application, project, or standard - regardless of the institution or jurisdiction that uses or defines the extensions.  The use of extensions is what allows the FHIR specification to retain a core level of simplicity for everyone.","","","","","","","","",,,,,"",,,,"DomainResource.extension",0,*,"","ele-1:All FHIR elements must have a @value or children {hasValue() or (children().count() > id.count())}
ext-1:Must have either extensions or value[x], not both {extension.exists() != value.exists()}","N/A"
"MessageHeader.modifierExtension","","extensions
user content","",0,*,"","Y","","Extension {[]} {[]}
","Extensions that cannot be ignored","May be used to represent additional information that is not part of the basic definition of the resource and that modifies the understanding of the element that contains it and/or the understanding of the containing element's descendants. Usually modifier elements provide negation or qualification. To make the use of extensions safe and manageable, there is a strict set of governance applied to the definition and use of extensions. Though any implementer is allowed to define an extension, there is a set of requirements that SHALL be met as part of the definition of the extension. Applications processing a resource are required to check for modifier extensions.

Modifier extensions SHALL NOT change the meaning of any elements on Resource or DomainResource (including cannot change the meaning of modifierExtension itself).","There can be no stigma associated with the use of extensions by any application, project, or standard - regardless of the institution or jurisdiction that uses or defines the extensions.  The use of extensions is what allows the FHIR specification to retain a core level of simplicity for everyone.","Modifier extensions allow for extensions that *cannot* be safely ignored to be clearly distinguished from the vast majority of extensions which can be safely ignored.  This promotes interoperability by eliminating the need for implementers to prohibit the presence of extensions. For further information, see the [definition of modifier extensions](http://hl7.org/fhir/R4/extensibility.html#modifierExtension).","","","","","","","",,,,,"",,,,"DomainResource.modifierExtension",0,*,"","ele-1:All FHIR elements must have a @value or children {hasValue() or (children().count() > id.count())}
ext-1:Must have either extensions or value[x], not both {extension.exists() != value.exists()}","N/A"
"MessageHeader.event[x]","","","",1,1,"Y","","Y","Coding {[]} {[]}
","The MedComMessagingMessageHeader shall contain the event value care-communication-message","Code that identifies the event this message represents and connects it with its definition. Events defined as part of the FHIR specification have the system value ""http://terminology.hl7.org/CodeSystem/message-events"".  Alternatively uri to the EventDefinition.","The time of the event will be found in the focus resource. The time of the message will be found in [Bundle.timestamp](http://hl7.org/fhir/R4/bundle-definitions.html#Bundle.timestamp).","Drives the behavior associated with this message.","","","","","","","",,"example","One of the message events defined as part of this version of FHIR.","http://hl7.org/fhir/ValueSet/message-events","","type:$this}
","",,"closed","MessageHeader.event[x]",1,1,"","ele-1:All FHIR elements must have a @value or children {hasValue() or (children().count() > id.count())}
","MSH-9.2","./payload[classCode=""CACT"" and moodCode=""EVN"" and isNormalAct()]/code[isNormalDatatype()]/code","FiveWs.what[x]"
"MessageHeader.event[x]","eventCoding","","",1,1,"","","Y","Coding {[]} {[]}
","Code for the event this message represents or link to event definition","Code that identifies the event this message represents and connects it with its definition. Events defined as part of the FHIR specification have the system value ""http://terminology.hl7.org/CodeSystem/message-events"".  Alternatively uri to the EventDefinition.","The time of the event will be found in the focus resource. The time of the message will be found in [Bundle.timestamp](http://hl7.org/fhir/R4/bundle-definitions.html#Bundle.timestamp).","Drives the behavior associated with this message.","","","","","","","",,"required","","http://medcomfhir.dk/fhir/core/1.0/ValueSet/medcom-messaging-messageTypes","",,,,"MessageHeader.event[x]",1,1,"","ele-1:All FHIR elements must have a @value or children {hasValue() or (children().count() > id.count())}
","MSH-9.2","./payload[classCode=""CACT"" and moodCode=""EVN"" and isNormalAct()]/code[isNormalDatatype()]/code","FiveWs.what[x]"
"MessageHeader.destination","","","",1,*,"","","Y","BackboneElement {[]} {[]}
","Message destination application(s)","The destination application which the message is intended for.","There SHOULD be at least one destination, but in some circumstances, the source system is unaware of any particular destination system.","Indicates where message is to be sent for routing purposes.  Allows verification of ""am I the intended recipient"".","","","","","","","",,,,,"","value:$this.extension.value}
","",,"closed","MessageHeader.destination",0,*,"","ele-1:All FHIR elements must have a @value or children {hasValue() or (children().count() > id.count())}
","./communicationFunction[typeCode=""RCV""]","FiveWs.subject[x]","FiveWs.subject"
"MessageHeader.destination.id","","","",0,1,"","","","string {[]} {[]}
","Unique id for inter-element referencing","Unique id for the element within a resource (for internal references). This may be any string value that does not contain spaces.","","","","","","","","","",,,,,"",,,,"Element.id",0,1,"","","n/a"
"MessageHeader.destination.extension","","","",1,*,"","","","Extension {[]} {[]}
","Extension","An Extension","","","","","","","","","",,,,,"","value:url}
","",,"open","Element.extension",0,*,"","ele-1:All FHIR elements must have a @value or children {hasValue() or (children().count() > id.count())}
ext-1:Must have either extensions or value[x], not both {extension.exists() != value.exists()}"
"MessageHeader.destination.extension","use","","",1,1,"Y","","","Extension {[CanonicalType[http://medcomfhir.dk/fhir/core/1.0/StructureDefinition/medcom-messaging-destinationUseExtension]]} {[]}
","MedCom Destination Use Extension","Indicates whether the use of a destination in a MedCom message header is as a primary or a carbon copy recipient of the message","","","","","","","","","",,,,,"",,,,"Element.extension",0,*,"ele-1
","ele-1:All FHIR elements must have a @value or children {hasValue() or (children().count() > id.count())}
ext-1:Must have either extensions or value[x], not both {extension.exists() != value.exists()}"
"MessageHeader.destination.modifierExtension","","extensions
user contentmodifiers","",0,*,"","Y","Y","Extension {[]} {[]}
","Extensions that cannot be ignored even if unrecognized","May be used to represent additional information that is not part of the basic definition of the element and that modifies the understanding of the element in which it is contained and/or the understanding of the containing element's descendants. Usually modifier elements provide negation or qualification. To make the use of extensions safe and manageable, there is a strict set of governance applied to the definition and use of extensions. Though any implementer can define an extension, there is a set of requirements that SHALL be met as part of the definition of the extension. Applications processing a resource are required to check for modifier extensions.

Modifier extensions SHALL NOT change the meaning of any elements on Resource or DomainResource (including cannot change the meaning of modifierExtension itself).","There can be no stigma associated with the use of extensions by any application, project, or standard - regardless of the institution or jurisdiction that uses or defines the extensions.  The use of extensions is what allows the FHIR specification to retain a core level of simplicity for everyone.","Modifier extensions allow for extensions that *cannot* be safely ignored to be clearly distinguished from the vast majority of extensions which can be safely ignored.  This promotes interoperability by eliminating the need for implementers to prohibit the presence of extensions. For further information, see the [definition of modifier extensions](http://hl7.org/fhir/R4/extensibility.html#modifierExtension).","","","","","","","",,,,,"",,,,"BackboneElement.modifierExtension",0,*,"","ele-1:All FHIR elements must have a @value or children {hasValue() or (children().count() > id.count())}
ext-1:Must have either extensions or value[x], not both {extension.exists() != value.exists()}","N/A"
"MessageHeader.destination.name","","","",0,1,"","","Y","string {[]} {[]}
","Name of system","Human-readable name for the target system.","","May be used for routing of response and/or to support audit.","","","","","","","",,,,,"",,,,"MessageHeader.destination.name",0,1,"","ele-1:All FHIR elements must have a @value or children {hasValue() or (children().count() > id.count())}
","MSH-5","unique(./entity[determinerCode=""INST"" and (classCode=(""DEV"", ""PSN"", ""ORG""]/name[type='ST' and isNormalDatatype()])"
"MessageHeader.destination.target","","","",0,1,"","","Y","Reference {[]} {[CanonicalType[http://hl7.org/fhir/StructureDefinition/Device]]}
","Particular delivery destination within the destination","Identifies the target end system in situations where the initial message transmission is to an intermediary system.","","Supports multi-hop routing.","","","","","","","",,,,,"",,,,"MessageHeader.destination.target",0,1,"","ele-1:All FHIR elements must have a @value or children {hasValue() or (children().count() > id.count())}
","unique(./entity[determinerCode=""INST"" and (classCode=(""DEV"", ""PSN"", ""ORG""]"
"MessageHeader.destination.endpoint","","","",1,1,"","","Y","url {[]} {[]}
","Actual destination address or id","Indicates where the message should be routed to.","The id may be a non-resolvable URI for systems that do not use standard network-based addresses.","Identifies where to route the message.","","","","","","","",,,,,"",,,,"MessageHeader.destination.endpoint",1,1,"","ele-1:All FHIR elements must have a @value or children {hasValue() or (children().count() > id.count())}
","MSH-25 (or MSH-6)","./telecom"
"MessageHeader.destination.receiver","","","",0,1,"","","Y","Reference {[]} {[CanonicalType[http://hl7.org/fhir/StructureDefinition/Practitioner], CanonicalType[http://hl7.org/fhir/StructureDefinition/PractitionerRole], CanonicalType[http://hl7.org/fhir/StructureDefinition/Organization]]}
","Intended ""real-world"" recipient for the data","Allows data conveyed by a message to be addressed to a particular person or department when routing to a specific application isn't sufficient.","","Allows routing beyond just the application level.","","","","","","","",,,,,"",,,,"MessageHeader.destination.receiver",0,1,"","ele-1:All FHIR elements must have a @value or children {hasValue() or (children().count() > id.count())}
","PRT-5:PRT-4='WAYR' / PRT-8:PRT-4='WAYR'","Not directly supported.  Could be shared using attentionLine.value with an appropriate keyWordText","FiveWs.subject[x]","FiveWs.subject"
"MessageHeader.destination","primary","","",1,1,"Y","","Y","BackboneElement {[]} {[]}
","Message destination application(s)","The destination application which the message is intended for.","There SHOULD be at least one destination, but in some circumstances, the source system is unaware of any particular destination system.","Indicates where message is to be sent for routing purposes.  Allows verification of ""am I the intended recipient"".","","","","","","","",,,,,"",,,,"MessageHeader.destination",0,*,"","ele-1:All FHIR elements must have a @value or children {hasValue() or (children().count() > id.count())}
","./communicationFunction[typeCode=""RCV""]","FiveWs.subject[x]","FiveWs.subject"
"MessageHeader.destination.id","","","",0,1,"","","","string {[]} {[]}
","Unique id for inter-element referencing","Unique id for the element within a resource (for internal references). This may be any string value that does not contain spaces.","","","","","","","","","",,,,,"",,,,"Element.id",0,1,"","","n/a"
"MessageHeader.destination.extension","use","","",0,*,"","","","Extension {[]} {[]}
","Extension","An Extension","","","","","","","","","",,,,,"",,,,"Element.extension",0,*,"","ele-1:All FHIR elements must have a @value or children {hasValue() or (children().count() > id.count())}
ext-1:Must have either extensions or value[x], not both {extension.exists() != value.exists()}"
"MessageHeader.destination.extension.id","","","",0,1,"","","","string {[]} {[]}
","Unique id for inter-element referencing","Unique id for the element within a resource (for internal references). This may be any string value that does not contain spaces.","","","","","","","","","",,,,,"",,,,"Element.id",0,1,"","","n/a"
"MessageHeader.destination.extension.extension","","extensions
user content","",0,*,"","","","Extension {[]} {[]}
","Additional content defined by implementations","May be used to represent additional information that is not part of the basic definition of the element. To make the use of extensions safe and manageable, there is a strict set of governance  applied to the definition and use of extensions. Though any implementer can define an extension, there is a set of requirements that SHALL be met as part of the definition of the extension.","There can be no stigma associated with the use of extensions by any application, project, or standard - regardless of the institution or jurisdiction that uses or defines the extensions.  The use of extensions is what allows the FHIR specification to retain a core level of simplicity for everyone.","","","","","","","","",,,,,"","value:url}
","Extensions are always sliced by (at least) url",,"open","Element.extension",0,*,"","ele-1:All FHIR elements must have a @value or children {hasValue() or (children().count() > id.count())}
ext-1:Must have either extensions or value[x], not both {extension.exists() != value.exists()}","n/a"
"MessageHeader.destination.extension.url","","","",1,1,"","","","uri {[]} {[]}
","identifies the meaning of the extension","Source of the definition for the extension code - a logical name or a URL.","The definition may point directly to a computable or human-readable definition of the extensibility codes, or it may be a logical URI as declared in some other specification. The definition SHALL be a URI for the Structure Definition defining the extension.","","","","","","","","",,,,,"",,,,"Extension.url",1,1,"","","N/A"
"MessageHeader.destination.extension.value[x]","","","",0,1,"","","","Coding {[]} {[]}
","Value of extension","Value of extension - must be one of a constrained set of the data types (see [Extensibility](http://hl7.org/fhir/R4/extensibility.html) for a list).","","","","","","","","","",,,,,"","type:$this}
","",,"closed","Extension.value[x]",0,1,"","ele-1:All FHIR elements must have a @value or children {hasValue() or (children().count() > id.count())}
","N/A"
"MessageHeader.destination.extension.value[x]","valueCoding","","",0,1,"","","","Coding {[]} {[]}
","Value of extension","Value of extension - must be one of a constrained set of the data types (see [Extensibility](http://hl7.org/fhir/R4/extensibility.html) for a list).","","","","","","<valueCoding xmlns=""http://hl7.org/fhir"">
  <system value=""http://medcomfhir.dk/fhir/core/1.0/CodeSystem/medcom-messaging-destinationUse""/>
  <code value=""primary""/>
</valueCoding>","","","",,,,,"",,,,"Extension.value[x]",0,1,"","ele-1:All FHIR elements must have a @value or children {hasValue() or (children().count() > id.count())}
","N/A"
"MessageHeader.destination.modifierExtension","","extensions
user contentmodifiers","",0,*,"","Y","Y","Extension {[]} {[]}
","Extensions that cannot be ignored even if unrecognized","May be used to represent additional information that is not part of the basic definition of the element and that modifies the understanding of the element in which it is contained and/or the understanding of the containing element's descendants. Usually modifier elements provide negation or qualification. To make the use of extensions safe and manageable, there is a strict set of governance applied to the definition and use of extensions. Though any implementer can define an extension, there is a set of requirements that SHALL be met as part of the definition of the extension. Applications processing a resource are required to check for modifier extensions.

Modifier extensions SHALL NOT change the meaning of any elements on Resource or DomainResource (including cannot change the meaning of modifierExtension itself).","There can be no stigma associated with the use of extensions by any application, project, or standard - regardless of the institution or jurisdiction that uses or defines the extensions.  The use of extensions is what allows the FHIR specification to retain a core level of simplicity for everyone.","Modifier extensions allow for extensions that *cannot* be safely ignored to be clearly distinguished from the vast majority of extensions which can be safely ignored.  This promotes interoperability by eliminating the need for implementers to prohibit the presence of extensions. For further information, see the [definition of modifier extensions](http://hl7.org/fhir/R4/extensibility.html#modifierExtension).","","","","","","","",,,,,"",,,,"BackboneElement.modifierExtension",0,*,"","ele-1:All FHIR elements must have a @value or children {hasValue() or (children().count() > id.count())}
ext-1:Must have either extensions or value[x], not both {extension.exists() != value.exists()}","N/A"
"MessageHeader.destination.name","","","",0,1,"","","Y","string {[]} {[]}
","Name of system","Human-readable name for the target system.","","May be used for routing of response and/or to support audit.","","","","","","","",,,,,"",,,,"MessageHeader.destination.name",0,1,"","ele-1:All FHIR elements must have a @value or children {hasValue() or (children().count() > id.count())}
","MSH-5","unique(./entity[determinerCode=""INST"" and (classCode=(""DEV"", ""PSN"", ""ORG""]/name[type='ST' and isNormalDatatype()])"
"MessageHeader.destination.target","","","",0,1,"","","Y","Reference {[]} {[CanonicalType[http://hl7.org/fhir/StructureDefinition/Device]]}
","Particular delivery destination within the destination","Identifies the target end system in situations where the initial message transmission is to an intermediary system.","","Supports multi-hop routing.","","","","","","","",,,,,"",,,,"MessageHeader.destination.target",0,1,"","ele-1:All FHIR elements must have a @value or children {hasValue() or (children().count() > id.count())}
","unique(./entity[determinerCode=""INST"" and (classCode=(""DEV"", ""PSN"", ""ORG""]"
"MessageHeader.destination.endpoint","","","",1,1,"Y","","Y","url {[]} {[]}
","Actual destination address or id","Indicates where the message should be routed to.","The id may be a non-resolvable URI for systems that do not use standard network-based addresses.","Identifies where to route the message.","","","","","","","",,,,,"",,,,"MessageHeader.destination.endpoint",1,1,"","ele-1:All FHIR elements must have a @value or children {hasValue() or (children().count() > id.count())}
","MSH-25 (or MSH-6)","./telecom"
"MessageHeader.destination.receiver","","","",1,1,"Y","","Y","Reference {[]} {[CanonicalType[http://medcomfhir.dk/fhir/core/1.0/StructureDefinition/medcom-messaging-organization]]} (bundled
)
","Intended ""real-world"" recipient for the data","Allows data conveyed by a message to be addressed to a particular person or department when routing to a specific application isn't sufficient.","","Allows routing beyond just the application level.","","","","","","","",,,,,"",,,,"MessageHeader.destination.receiver",0,1,"","ele-1:All FHIR elements must have a @value or children {hasValue() or (children().count() > id.count())}
","PRT-5:PRT-4='WAYR' / PRT-8:PRT-4='WAYR'","Not directly supported.  Could be shared using attentionLine.value with an appropriate keyWordText","FiveWs.subject[x]","FiveWs.subject"
"MessageHeader.destination","cc","","",0,0,"Y","","Y","BackboneElement {[]} {[]}
","Message destination application(s)","Shall contain carbon copy recipients of the message","There SHOULD be at least one destination, but in some circumstances, the source system is unaware of any particular destination system.","Indicates where message is to be sent for routing purposes.  Allows verification of ""am I the intended recipient"".","","","","","","","",,,,,"",,,,"MessageHeader.destination",0,*,"","ele-1:All FHIR elements must have a @value or children {hasValue() or (children().count() > id.count())}
","./communicationFunction[typeCode=""RCV""]","FiveWs.subject[x]","FiveWs.subject"
"MessageHeader.destination.id","","","",0,1,"","","","string {[]} {[]}
","Unique id for inter-element referencing","Unique id for the element within a resource (for internal references). This may be any string value that does not contain spaces.","","","","","","","","","",,,,,"",,,,"Element.id",0,1,"","","n/a"
"MessageHeader.destination.extension","use","","",0,*,"","","","Extension {[]} {[]}
","Extension","An Extension","","","","","","","","","",,,,,"",,,,"Element.extension",0,*,"","ele-1:All FHIR elements must have a @value or children {hasValue() or (children().count() > id.count())}
ext-1:Must have either extensions or value[x], not both {extension.exists() != value.exists()}"
"MessageHeader.destination.extension.id","","","",0,1,"","","","string {[]} {[]}
","Unique id for inter-element referencing","Unique id for the element within a resource (for internal references). This may be any string value that does not contain spaces.","","","","","","","","","",,,,,"",,,,"Element.id",0,1,"","","n/a"
"MessageHeader.destination.extension.extension","","extensions
user content","",0,*,"","","","Extension {[]} {[]}
","Additional content defined by implementations","May be used to represent additional information that is not part of the basic definition of the element. To make the use of extensions safe and manageable, there is a strict set of governance  applied to the definition and use of extensions. Though any implementer can define an extension, there is a set of requirements that SHALL be met as part of the definition of the extension.","There can be no stigma associated with the use of extensions by any application, project, or standard - regardless of the institution or jurisdiction that uses or defines the extensions.  The use of extensions is what allows the FHIR specification to retain a core level of simplicity for everyone.","","","","","","","","",,,,,"","value:url}
","Extensions are always sliced by (at least) url",,"open","Element.extension",0,*,"","ele-1:All FHIR elements must have a @value or children {hasValue() or (children().count() > id.count())}
ext-1:Must have either extensions or value[x], not both {extension.exists() != value.exists()}","n/a"
"MessageHeader.destination.extension.url","","","",1,1,"","","","uri {[]} {[]}
","identifies the meaning of the extension","Source of the definition for the extension code - a logical name or a URL.","The definition may point directly to a computable or human-readable definition of the extensibility codes, or it may be a logical URI as declared in some other specification. The definition SHALL be a URI for the Structure Definition defining the extension.","","","","","","","","",,,,,"",,,,"Extension.url",1,1,"","","N/A"
"MessageHeader.destination.extension.value[x]","","","",0,1,"","","","Coding {[]} {[]}
","Value of extension","Value of extension - must be one of a constrained set of the data types (see [Extensibility](http://hl7.org/fhir/R4/extensibility.html) for a list).","","","","","","","","","",,,,,"","type:$this}
","",,"closed","Extension.value[x]",0,1,"","ele-1:All FHIR elements must have a @value or children {hasValue() or (children().count() > id.count())}
","N/A"
"MessageHeader.destination.extension.value[x]","valueCoding","","",0,1,"","","","Coding {[]} {[]}
","Value of extension","Value of extension - must be one of a constrained set of the data types (see [Extensibility](http://hl7.org/fhir/R4/extensibility.html) for a list).","","","","","","<valueCoding xmlns=""http://hl7.org/fhir"">
  <system value=""http://medcomfhir.dk/fhir/core/1.0/CodeSystem/medcom-messaging-destinationUse""/>
  <code value=""cc""/>
</valueCoding>","","","",,,,,"",,,,"Extension.value[x]",0,1,"","ele-1:All FHIR elements must have a @value or children {hasValue() or (children().count() > id.count())}
","N/A"
"MessageHeader.destination.modifierExtension","","extensions
user contentmodifiers","",0,*,"","Y","Y","Extension {[]} {[]}
","Extensions that cannot be ignored even if unrecognized","May be used to represent additional information that is not part of the basic definition of the element and that modifies the understanding of the element in which it is contained and/or the understanding of the containing element's descendants. Usually modifier elements provide negation or qualification. To make the use of extensions safe and manageable, there is a strict set of governance applied to the definition and use of extensions. Though any implementer can define an extension, there is a set of requirements that SHALL be met as part of the definition of the extension. Applications processing a resource are required to check for modifier extensions.

Modifier extensions SHALL NOT change the meaning of any elements on Resource or DomainResource (including cannot change the meaning of modifierExtension itself).","There can be no stigma associated with the use of extensions by any application, project, or standard - regardless of the institution or jurisdiction that uses or defines the extensions.  The use of extensions is what allows the FHIR specification to retain a core level of simplicity for everyone.","Modifier extensions allow for extensions that *cannot* be safely ignored to be clearly distinguished from the vast majority of extensions which can be safely ignored.  This promotes interoperability by eliminating the need for implementers to prohibit the presence of extensions. For further information, see the [definition of modifier extensions](http://hl7.org/fhir/R4/extensibility.html#modifierExtension).","","","","","","","",,,,,"",,,,"BackboneElement.modifierExtension",0,*,"","ele-1:All FHIR elements must have a @value or children {hasValue() or (children().count() > id.count())}
ext-1:Must have either extensions or value[x], not both {extension.exists() != value.exists()}","N/A"
"MessageHeader.destination.name","","","",0,1,"","","Y","string {[]} {[]}
","Name of system","Human-readable name for the target system.","","May be used for routing of response and/or to support audit.","","","","","","","",,,,,"",,,,"MessageHeader.destination.name",0,1,"","ele-1:All FHIR elements must have a @value or children {hasValue() or (children().count() > id.count())}
","MSH-5","unique(./entity[determinerCode=""INST"" and (classCode=(""DEV"", ""PSN"", ""ORG""]/name[type='ST' and isNormalDatatype()])"
"MessageHeader.destination.target","","","",0,1,"","","Y","Reference {[]} {[CanonicalType[http://hl7.org/fhir/StructureDefinition/Device]]}
","Particular delivery destination within the destination","Identifies the target end system in situations where the initial message transmission is to an intermediary system.","","Supports multi-hop routing.","","","","","","","",,,,,"",,,,"MessageHeader.destination.target",0,1,"","ele-1:All FHIR elements must have a @value or children {hasValue() or (children().count() > id.count())}
","unique(./entity[determinerCode=""INST"" and (classCode=(""DEV"", ""PSN"", ""ORG""]"
"MessageHeader.destination.endpoint","","","",1,1,"Y","","Y","url {[]} {[]}
","Actual destination address or id","Indicates where the message should be routed to.","The id may be a non-resolvable URI for systems that do not use standard network-based addresses.","Identifies where to route the message.","","","","","","","",,,,,"",,,,"MessageHeader.destination.endpoint",1,1,"","ele-1:All FHIR elements must have a @value or children {hasValue() or (children().count() > id.count())}
","MSH-25 (or MSH-6)","./telecom"
"MessageHeader.destination.receiver","","","",1,1,"Y","","Y","Reference {[]} {[CanonicalType[http://medcomfhir.dk/fhir/core/1.0/StructureDefinition/medcom-messaging-organization]]} (bundled
)
","Intended ""real-world"" recipient for the data","Allows data conveyed by a message to be addressed to a particular person or department when routing to a specific application isn't sufficient.","","Allows routing beyond just the application level.","","","","","","","",,,,,"",,,,"MessageHeader.destination.receiver",0,1,"","ele-1:All FHIR elements must have a @value or children {hasValue() or (children().count() > id.count())}
","PRT-5:PRT-4='WAYR' / PRT-8:PRT-4='WAYR'","Not directly supported.  Could be shared using attentionLine.value with an appropriate keyWordText","FiveWs.subject[x]","FiveWs.subject"
"MessageHeader.sender","","","",1,1,"Y","","Y","Reference {[]} {[CanonicalType[http://medcomfhir.dk/fhir/core/1.0/StructureDefinition/medcom-messaging-organization]]}
","Real world sender of the message","Identifies the sending system to allow the use of a trust relationship.","Use case is for where a (trusted) sending system is responsible for multiple organizations, and therefore cannot differentiate based on source endpoint / authentication alone.","Allows routing beyond just the application level.","","","","","","","",,,,,"",,,,"MessageHeader.sender",0,1,"","ele-1:All FHIR elements must have a @value or children {hasValue() or (children().count() > id.count())}
","PRT-5:PRT-4='WAYR' / PRT-8:PRT-4='WAYR'","Not directly supported.  Could be shared using attentionLine.value with an appropriate keyWordText","FiveWs.subject[x]","FiveWs.subject"
"MessageHeader.enterer","","","",0,1,"","","Y","Reference {[]} {[CanonicalType[http://hl7.org/fhir/StructureDefinition/Practitioner], CanonicalType[http://hl7.org/fhir/StructureDefinition/PractitionerRole]]}
","The source of the data entry","The person or device that performed the data entry leading to this message. When there is more than one candidate, pick the most proximal to the message. Can provide other enterers in extensions.","Usually only for the request but can be used in a response.","Need to know for audit/traceback requirements and possibly for authorization.","","","","","","","",,,,,"",,,,"MessageHeader.enterer",0,1,"","ele-1:All FHIR elements must have a @value or children {hasValue() or (children().count() > id.count())}
","EVN-5 / ORC-10 / PRT-5:PRT-4='EP' / ROL where ROL.3 is EP or ORC.10","unique(./controlAct[classCode=""CACT"" and classCode=""EVN"" and isNormalAct()]/participation[typeCode=""ENT"" and isNormalParticipation]/role[classCode=""ASSIGNED"" and isNormalRole()]/player[isNormalEntity() and classCode=(""DEV"", ""PSN"") and determinerCode=""INST""])","FiveWs.author"
"MessageHeader.author","","","",0,1,"","","Y","Reference {[]} {[CanonicalType[http://hl7.org/fhir/StructureDefinition/Practitioner], CanonicalType[http://hl7.org/fhir/StructureDefinition/PractitionerRole]]}
","The source of the decision","The logical author of the message - the person or device that decided the described event should happen. When there is more than one candidate, pick the most proximal to the MessageHeader. Can provide other authors in extensions.","Usually only for the request but can be used in a response.","Need to know for audit/traceback requirements and possibly for authorization.","","","","","","","",,,,,"",,,,"MessageHeader.author",0,1,"","ele-1:All FHIR elements must have a @value or children {hasValue() or (children().count() > id.count())}
","ORC-19 / PRT-5:PRT-4='AUT' / ROL where ROL.3 is IP or ORC.12","unique(./controlAct[classCode=""CACT"" and classCode=""EVN"" and isNormalAct()]/participation[isHighest(priorityCode) and typeCode=""AUT"" and isNormalParticipation]/role[classCode=""ASSIGNED"" and isNormalRole()]/player[isNormalEntity() and classCode=(""DEV"", ""PSN"") and determinerCode=""INST""])","FiveWs.author"
"MessageHeader.source","","","",1,1,"Y","","Y","BackboneElement {[]} {[]}
","Message source application","The source application from which this message originated.","","Allows replies, supports audit.","","","","","","","",,,,,"",,,,"MessageHeader.source",1,1,"","ele-1:All FHIR elements must have a @value or children {hasValue() or (children().count() > id.count())}
","unique(./communicationFunction[typeCode=""SND""])","FiveWs.actor"
"MessageHeader.source.id","","","",0,1,"","","","string {[]} {[]}
","Unique id for inter-element referencing","Unique id for the element within a resource (for internal references). This may be any string value that does not contain spaces.","","","","","","","","","",,,,,"",,,,"Element.id",0,1,"","","n/a"
"MessageHeader.source.extension","","extensions
user content","",0,*,"","","","Extension {[]} {[]}
","Additional content defined by implementations","May be used to represent additional information that is not part of the basic definition of the element. To make the use of extensions safe and manageable, there is a strict set of governance  applied to the definition and use of extensions. Though any implementer can define an extension, there is a set of requirements that SHALL be met as part of the definition of the extension.","There can be no stigma associated with the use of extensions by any application, project, or standard - regardless of the institution or jurisdiction that uses or defines the extensions.  The use of extensions is what allows the FHIR specification to retain a core level of simplicity for everyone.","","","","","","","","",,,,,"",,,,"Element.extension",0,*,"","ele-1:All FHIR elements must have a @value or children {hasValue() or (children().count() > id.count())}
ext-1:Must have either extensions or value[x], not both {extension.exists() != value.exists()}","n/a"
"MessageHeader.source.modifierExtension","","extensions
user contentmodifiers","",0,*,"","Y","Y","Extension {[]} {[]}
","Extensions that cannot be ignored even if unrecognized","May be used to represent additional information that is not part of the basic definition of the element and that modifies the understanding of the element in which it is contained and/or the understanding of the containing element's descendants. Usually modifier elements provide negation or qualification. To make the use of extensions safe and manageable, there is a strict set of governance applied to the definition and use of extensions. Though any implementer can define an extension, there is a set of requirements that SHALL be met as part of the definition of the extension. Applications processing a resource are required to check for modifier extensions.

Modifier extensions SHALL NOT change the meaning of any elements on Resource or DomainResource (including cannot change the meaning of modifierExtension itself).","There can be no stigma associated with the use of extensions by any application, project, or standard - regardless of the institution or jurisdiction that uses or defines the extensions.  The use of extensions is what allows the FHIR specification to retain a core level of simplicity for everyone.","Modifier extensions allow for extensions that *cannot* be safely ignored to be clearly distinguished from the vast majority of extensions which can be safely ignored.  This promotes interoperability by eliminating the need for implementers to prohibit the presence of extensions. For further information, see the [definition of modifier extensions](http://hl7.org/fhir/R4/extensibility.html#modifierExtension).","","","","","","","",,,,,"",,,,"BackboneElement.modifierExtension",0,*,"","ele-1:All FHIR elements must have a @value or children {hasValue() or (children().count() > id.count())}
ext-1:Must have either extensions or value[x], not both {extension.exists() != value.exists()}","N/A"
"MessageHeader.source.name","","","",0,1,"","","Y","string {[]} {[]}
","Name of system","Human-readable name for the source system.","","May be used to support audit.","","","","","","","",,,,,"",,,,"MessageHeader.source.name",0,1,"","ele-1:All FHIR elements must have a @value or children {hasValue() or (children().count() > id.count())}
","MSH-3","unique(./entity[determinerCode=""INST"" and classCode=""DEV""]/name[type='ST' and isNormalDatatype()])"
"MessageHeader.source.software","","","",0,1,"","","Y","string {[]} {[]}
","Name of software running the system","May include configuration or other information useful in debugging.","","Supports audit and possibly interface engine behavior.","","","","","","","",,,,,"",,,,"MessageHeader.source.software",0,1,"","ele-1:All FHIR elements must have a @value or children {hasValue() or (children().count() > id.count())}
","SFT-3 ( +SFT-1)","unique(./entity[determinerCode=""INST"" and classCode=""DEV""]/softwareName[isNormalDatatype()])"
"MessageHeader.source.version","","","",0,1,"","","Y","string {[]} {[]}
","Version of software running","Can convey versions of multiple systems in situations where a message passes through multiple hands.","","Supports audit and possibly interface engine behavior.","","","","","","","",,,,,"",,,,"MessageHeader.source.version",0,1,"","ele-1:All FHIR elements must have a @value or children {hasValue() or (children().count() > id.count())}
","SFT-2","(Not supported)"
"MessageHeader.source.contact","","","",0,1,"","","Y","ContactPoint {[]} {[]}
","Human contact for problems","An e-mail, phone, website or other contact point to use to resolve issues with message communications.","","Allows escalation of technical issues.","","","","","","","",,,,,"",,,,"MessageHeader.source.contact",0,1,"","ele-1:All FHIR elements must have a @value or children {hasValue() or (children().count() > id.count())}
","(MSH-22?)","unique(./entity[determinerCode=""INST"" and classCode=""DEV""]/scopesRole[normalRole() and classCode=""CON"" and layer[classCode=""PSN""]/telecom[isNormalDatatype()])"
"MessageHeader.source.endpoint","","","",1,1,"Y","","Y","url {[]} {[]}
","Actual message source address or id","Identifies the routing target to send acknowledgements to.","The id may be a non-resolvable URI for systems that do not use standard network-based addresses.","Identifies where to send responses, may influence security permissions.","","","","","","","",,,,,"",,,,"MessageHeader.source.endpoint",1,1,"","ele-1:All FHIR elements must have a @value or children {hasValue() or (children().count() > id.count())}
","MSH-24","./telecom[isNormalDatatype()]"
"MessageHeader.responsible","","","",0,1,"","","Y","Reference {[]} {[CanonicalType[http://hl7.org/fhir/StructureDefinition/Practitioner], CanonicalType[http://hl7.org/fhir/StructureDefinition/PractitionerRole], CanonicalType[http://hl7.org/fhir/StructureDefinition/Organization]]}
","Final responsibility for event","The person or organization that accepts overall responsibility for the contents of the message. The implication is that the message event happened under the policies of the responsible party.","Usually only for the request but can be used in a response.","Need to know for audit/traceback requirements and possibly for authorization.","","","","","","","",,,,,"",,,,"MessageHeader.responsible",0,1,"","ele-1:All FHIR elements must have a @value or children {hasValue() or (children().count() > id.count())}
","ORC-12 /  PRT-5:PRT-4='OP' /  PRT-8:PRT-4='OP' / ROL where ROL.3 is RO or ORC.11","unique(./controlAct[classCode=""CACT"" and classCode=""EVN"" and isNormalAct()]/participation[isHighest(priorityCode) and typeCode=""RESP"" and isNormalParticipation]/role[classCode=""ASSIGNED"" and isNormalRole()]/player[isNormalEntity() and classCode=""PSN"" and determinerCode=""INST""] or ./controlAct[classCode=""CACT"" and classCode=""EVN"" and isNormalAct()]/participation[isHighest(priorityCode) and typeCode=""RESP"" and isNormalParticipation]/role[classCode=""ASSIGNED"" and isNormalRole()]/scoper[isNormalEntity() and classCode=""ORG"" and determinerCode=""INST""])","FiveWs.witness"
"MessageHeader.reason","","","",0,1,"","","Y","CodeableConcept {[]} {[]}
","Cause of event","Coded indication of the cause for the event - indicates  a reason for the occurrence of the event that is a focus of this message.","","Need to be able to track why resources are being changed and report in the audit log/history of the resource.  May affect authorization.","","","","","","","",,"example","Reason for event occurrence.","http://hl7.org/fhir/ValueSet/message-reason-encounter","",,,,"MessageHeader.reason",0,1,"","ele-1:All FHIR elements must have a @value or children {hasValue() or (children().count() > id.count())}
","EVN.4 / ORC.16 / OBR-31-reason for study / BPO-13-BP indication for use / RXO-20-indication / RXE-27-give indication / RXD-21-indication / RXG-22-indication / RXA-19-indication","unique(./controlAct[classCode=""CACT"" and classCode=""EVN"" and isNormalAct()]/reasonCode[isNormalDatatype()])","FiveWs.why[x]"
"MessageHeader.response","","","",1,1,"Y","","Y","BackboneElement {[]} {[]}
","If this is a reply to prior message","Information about the message that this message is a response to.  Only present if this message is a response.","","","","","","","","","",,,,,"",,,,"MessageHeader.response",0,1,"","ele-1:All FHIR elements must have a @value or children {hasValue() or (children().count() > id.count())}
","MSA","./conveyedAcknowledgement"
"MessageHeader.response.id","","","",0,1,"","","","string {[]} {[]}
","Unique id for inter-element referencing","Unique id for the element within a resource (for internal references). This may be any string value that does not contain spaces.","","","","","","","","","",,,,,"",,,,"Element.id",0,1,"","","n/a"
"MessageHeader.response.extension","","extensions
user content","",0,*,"","","","Extension {[]} {[]}
","Additional content defined by implementations","May be used to represent additional information that is not part of the basic definition of the element. To make the use of extensions safe and manageable, there is a strict set of governance  applied to the definition and use of extensions. Though any implementer can define an extension, there is a set of requirements that SHALL be met as part of the definition of the extension.","There can be no stigma associated with the use of extensions by any application, project, or standard - regardless of the institution or jurisdiction that uses or defines the extensions.  The use of extensions is what allows the FHIR specification to retain a core level of simplicity for everyone.","","","","","","","","",,,,,"",,,,"Element.extension",0,*,"","ele-1:All FHIR elements must have a @value or children {hasValue() or (children().count() > id.count())}
ext-1:Must have either extensions or value[x], not both {extension.exists() != value.exists()}","n/a"
"MessageHeader.response.modifierExtension","","extensions
user contentmodifiers","",0,*,"","Y","Y","Extension {[]} {[]}
","Extensions that cannot be ignored even if unrecognized","May be used to represent additional information that is not part of the basic definition of the element and that modifies the understanding of the element in which it is contained and/or the understanding of the containing element's descendants. Usually modifier elements provide negation or qualification. To make the use of extensions safe and manageable, there is a strict set of governance applied to the definition and use of extensions. Though any implementer can define an extension, there is a set of requirements that SHALL be met as part of the definition of the extension. Applications processing a resource are required to check for modifier extensions.

Modifier extensions SHALL NOT change the meaning of any elements on Resource or DomainResource (including cannot change the meaning of modifierExtension itself).","There can be no stigma associated with the use of extensions by any application, project, or standard - regardless of the institution or jurisdiction that uses or defines the extensions.  The use of extensions is what allows the FHIR specification to retain a core level of simplicity for everyone.","Modifier extensions allow for extensions that *cannot* be safely ignored to be clearly distinguished from the vast majority of extensions which can be safely ignored.  This promotes interoperability by eliminating the need for implementers to prohibit the presence of extensions. For further information, see the [definition of modifier extensions](http://hl7.org/fhir/R4/extensibility.html#modifierExtension).","","","","","","","",,,,,"",,,,"BackboneElement.modifierExtension",0,*,"","ele-1:All FHIR elements must have a @value or children {hasValue() or (children().count() > id.count())}
ext-1:Must have either extensions or value[x], not both {extension.exists() != value.exists()}","N/A"
"MessageHeader.response.identifier","","","",1,1,"Y","","Y","id {[]} {[]}
","Id of original message","The MessageHeader.id of the message to which this message is a response.","","Allows receiver to know what message is being responded to.","","","","","","","",,,,,"",,,,"MessageHeader.response.identifier",1,1,"","ele-1:All FHIR elements must have a @value or children {hasValue() or (children().count() > id.count())}
","MSA-2","./acknowledges.id[isNormalDatatype()]"
"MessageHeader.response.code","","","",1,1,"Y","","Y","code {[]} {[]}
","ok | transient-error | fatal-error","Code that identifies the type of response to the message - whether it was successful or not, and whether it should be resent or not.","This is a generic response to the request message. Specific data for the response will be found in MessageHeader.focus.","Allows the sender of the acknowledge message to know if the request was successful or if action is needed.","","","","","","","",,"required","The kind of response to a message.","http://hl7.org/fhir/ValueSet/response-code|4.0.1","",,,,"MessageHeader.response.code",1,1,"","ele-1:All FHIR elements must have a @value or children {hasValue() or (children().count() > id.count())}
","MSA-1","./typeCode[isNormalDatatype()]"
"MessageHeader.response.details","","","",0,1,"Y","","Y","Reference {[]} {[CanonicalType[http://hl7.org/fhir/StructureDefinition/OperationOutcome]]}
","Specific list of hints/warnings/errors","Shall contain identified hints/warnings/error in case the code is transient-error or fatal-error","This SHALL be contained in the bundle. If any of the issues are errors, the response code SHALL be an error.","Allows the sender of the message to determine what the specific issues are.","","","","","","","",,,,,"",,,,"MessageHeader.response.details",0,1,"","ele-1:All FHIR elements must have a @value or children {hasValue() or (children().count() > id.count())}
","ERR","AcknowledgementDetail or Observation[classCode=""ALRT"" and moodCode=""EVN""]"
"MessageHeader.focus","","","",0,*,"","","Y","Reference {[]} {[CanonicalType[http://hl7.org/fhir/StructureDefinition/Resource]]}
","The actual content of the message","The actual data of the message - a reference to the root/focus class of the event.","The data is defined where the transaction type is defined. The transaction data is always included in the bundle that is the full message.  Only the root resource is specified.  The resources it references should be contained in the bundle but are not also listed here.  Multiple repetitions are allowed to cater for merges and other situations with multiple focal targets.","Every message event is about actual data, a single resource, that is identified in the definition of the event, and perhaps some or all linked resources.","","","","","","","",,,,,"",,,,"MessageHeader.focus",0,*,"","ele-1:All FHIR elements must have a @value or children {hasValue() or (children().count() > id.count())}
","unique(./controlAct[classCode=""CACT"" and classCode=""EVN"" and isNormalAct()]/participation[typeCode=""SUBJ"" and isNormalParticipation]/role or ./controlAct[classCode=""CACT"" and classCode=""EVN"" and isNormalAct()]/outboundRelationship[typeCode=""SBJ"" and isNormalActRelatoinship]/target)"
"MessageHeader.definition","","","",0,1,"","","Y","canonical {[]} {[CanonicalType[http://hl7.org/fhir/StructureDefinition/MessageDefinition]]}
","Link to the definition for this message","Permanent link to the MessageDefinition for this message.","","Allows sender to define the expected contents of the message.","","","","","","","",,,,,"",,,,"MessageHeader.definition",0,1,"","ele-1:All FHIR elements must have a @value or children {hasValue() or (children().count() > id.count())}
","Not directly supported."
