<?xml version="1.0" encoding="UTF-8"?>

<Bundle xmlns="http://hl7.org/fhir">
  <id value="EmptyMessage"/>
  <meta>
    <profile value="http://medcomfhir.dk/fhir/core/1.0/StructureDefinition/medcom-messaging-message"/>
  </meta>
  <type value="message"/>
  <timestamp value="2020-09-28T12:34:56Z"/>
  <entry>
    <fullUrl value="MessageHeader/MessageHeaderExample"/>
    <resource>
      <MessageHeader>
        <id value="MessageHeaderExample"/>
        <meta>
          <profile value="http://medcomfhir.dk/fhir/core/1.0/StructureDefinition/medcom-messaging-messageHeader"/>
        </meta>
        <text>
          <status value="generated"/><div xmlns="http://www.w3.org/1999/xhtml"><p><b>Generated Narrative</b></p><p><b>event</b>: <span title="{http://medcomfhir.dk/fhir/core/1.0/CodeSystem/medcom-messaging-eventCodes empty-message}">Message with no content</span></p><h3>Destinations</h3><table class="grid"><tr><td>-</td><td><b>Extension</b></td><td><b>Endpoint</b></td><td><b>Receiver</b></td></tr><tr><td>*</td><td></td><td><a href="http://medcomfhir.dk/unknown">http://medcomfhir.dk/unknown</a></td><td><a href="#Organization_MessageReceiver">See above (Organization/MessageReceiver)</a></td></tr></table><p><b>sender</b>: <a href="#Organization_MessageSender">See above (Organization/MessageSender)</a></p><h3>Sources</h3><table class="grid"><tr><td>-</td><td><b>Endpoint</b></td></tr><tr><td>*</td><td><a href="http://medcomfhir.dk/unknown">http://medcomfhir.dk/unknown</a></td></tr></table></div>
        </text>
        <eventCoding>
          <system value="http://medcomfhir.dk/fhir/core/1.0/CodeSystem/medcom-messaging-eventCodes"/>
          <code value="empty-message"/>
        </eventCoding>
        <destination>
          <extension url="http://medcomfhir.dk/fhir/core/1.0/StructureDefinition/medcom-messaging-destinationUseExtension">
            <valueCoding>
              <system value="http://medcomfhir.dk/fhir/core/1.0/CodeSystem/medcom-messaging-destinationUse"/>
              <code value="primary"/>
            </valueCoding>
          </extension>
          <endpoint value="http://medcomfhir.dk/unknown"/>
          <receiver>
            <reference value="Organization/MessageReceiver"/>
          </receiver>
        </destination>
        <sender>
          <reference value="Organization/MessageSender"/>
        </sender>
        <source>
          <endpoint value="http://medcomfhir.dk/unknown"/>
        </source>
      </MessageHeader>
    </resource>
  </entry>
  <entry>
    <fullUrl value="Organization/MessageSender"/>
    <resource>
      <Organization>
        <id value="MessageSender"/>
        <meta>
          <profile value="http://medcomfhir.dk/fhir/core/1.0/StructureDefinition/medcom-messaging-organization"/>
        </meta>
        <text>
          <status value="generated"/><div xmlns="http://www.w3.org/1999/xhtml"><p><b>Generated Narrative</b></p><p><b>identifier</b>: id: 123456789012345, id: 1234567890123</p><p><b>name</b>: Sender Organization</p></div>
        </text>
        <identifier>
          <system value="urn:oid:1.2.208.176.1.1"/>
          <value value="123456789012345"/>
        </identifier>
        <identifier>
          <system value="urn:oid:1.3.88"/>
          <value value="1234567890123"/>
        </identifier>
        <name value="Sender Organization"/>
      </Organization>
    </resource>
  </entry>
  <entry>
    <fullUrl value="Organization/MessageReceiver"/>
    <resource>
      <Organization>
        <id value="MessageReceiver"/>
        <meta>
          <profile value="http://medcomfhir.dk/fhir/core/1.0/StructureDefinition/medcom-messaging-organization"/>
        </meta>
        <text>
          <status value="generated"/><div xmlns="http://www.w3.org/1999/xhtml"><p><b>Generated Narrative</b></p><p><b>identifier</b>: id: 543210987654321, id: 3210987654321</p><p><b>name</b>: Receiver Organization</p></div>
        </text>
        <identifier>
          <system value="urn:oid:1.2.208.176.1.1"/>
          <value value="543210987654321"/>
        </identifier>
        <identifier>
          <system value="urn:oid:1.3.88"/>
          <value value="3210987654321"/>
        </identifier>
        <name value="Receiver Organization"/>
      </Organization>
    </resource>
  </entry>
</Bundle>