<?xml version="1.0" encoding="UTF-8"?>

<MessageHeader xmlns="http://hl7.org/fhir">
  <id value="AcknowledgementHeaderExample"/>
  <meta>
    <profile value="http://medcomfhir.dk/fhir/core/1.0/StructureDefinition/medcom-messaging-acknowledgementHeader"/>
  </meta>
  <text>
    <status value="generated"/><div xmlns="http://www.w3.org/1999/xhtml"><p><b>Generated Narrative</b></p><p><b>event</b>: <span title="{http://medcomfhir.dk/fhir/core/1.0/CodeSystem/medcom-messaging-eventCodes empty-message}">Message with no content</span></p><h3>Destinations</h3><table class="grid"><tr><td>-</td><td><b>Extension</b></td><td><b>Endpoint</b></td><td><b>Receiver</b></td></tr><tr><td>*</td><td></td><td><a href="http://medcom.dk/unknown">http://medcom.dk/unknown</a></td><td><a href="Organization-MessageReceiver.html">Generated Summary: id: 543210987654321, id: 3210987654321; name: Receiver Organization</a></td></tr></table><p><b>sender</b>: <a href="Organization-MessageSender.html">Generated Summary: id: 123456789012345, id: 1234567890123; name: Sender Organization</a></p><h3>Sources</h3><table class="grid"><tr><td>-</td><td><b>Endpoint</b></td></tr><tr><td>*</td><td><a href="http://medcom.dk/unknown">http://medcom.dk/unknown</a></td></tr></table><h3>Responses</h3><table class="grid"><tr><td>-</td><td><b>Identifier</b></td><td><b>Code</b></td></tr><tr><td>*</td><td>EmptyMessage</td><td>ok</td></tr></table></div>
  </text>
  <eventCoding>
    <system value="http://medcomfhir.dk/fhir/core/1.0/CodeSystem/medcom-messaging-eventCodes"/>
    <code value="empty-message"/>
  </eventCoding>
  <destination>
    <extension url="http://medcomfhir.dk/fhir/core/1.0/StructureDefinition/medcom-messaging-destinationUseExtension">
      <valueCoding>
        <system value="http://medcomfhir.dk/fhir/core/1.0/CodeSystem/medcom-messaging-destinationUse"/>
        <code value="primary"/>
      </valueCoding>
    </extension>
    <endpoint value="http://medcom.dk/unknown"/>
    <receiver>
      <reference value="Organization/MessageReceiver"/>
    </receiver>
  </destination>
  <sender>
    <reference value="Organization/MessageSender"/>
  </sender>
  <source>
    <endpoint value="http://medcom.dk/unknown"/>
  </source>
  <response>
    <identifier value="EmptyMessage"/>
    <code value="ok"/>
  </response>
</MessageHeader>