<?xml version="1.0" encoding="UTF-8"?>

<OperationOutcome xmlns="http://hl7.org/fhir">
  <id value="OperationOutcome-ok"/>
  <text>
    <status value="generated"/><div xmlns="http://www.w3.org/1999/xhtml"><p><b>Generated Narrative</b></p><h3>Issues</h3><table class="grid"><tr><td>-</td><td><b>Severity</b></td><td><b>Code</b></td><td><b>Diagnostics</b></td></tr><tr><td>*</td><td>information</td><td>structure</td><td>Invalid messages from your system 0%</td></tr></table></div>
  </text>
  <issue>
    <severity value="information"/>
    <code value="structure"/>
    <diagnostics value="Invalid messages from your system 0%"/>
  </issue>
</OperationOutcome>