<?xml version="1.0" encoding="UTF-8"?>

<Organization xmlns="http://hl7.org/fhir">
  <id value="MessageSender"/>
  <meta>
    <profile value="http://medcomfhir.dk/fhir/core/1.0/StructureDefinition/medcom-messaging-organization"/>
  </meta>
  <text>
    <status value="generated"/><div xmlns="http://www.w3.org/1999/xhtml"><p><b>Generated Narrative</b></p><p><b>identifier</b>: id: 123456789012345, id: 1234567890123</p><p><b>name</b>: Sender Organization</p></div>
  </text>
  <identifier>
    <system value="urn:oid:1.2.208.176.1.1"/>
    <value value="123456789012345"/>
  </identifier>
  <identifier>
    <system value="urn:oid:1.3.88"/>
    <value value="1234567890123"/>
  </identifier>
  <name value="Sender Organization"/>
</Organization>