<?xml version="1.0" encoding="UTF-8"?>

<ValueSet xmlns="http://hl7.org/fhir">
  <id value="medcom-hospitalNotification-messageActivities"/>
  <text>
    <status value="generated"/><div xmlns="http://www.w3.org/1999/xhtml"><ul><li>Include these codes as defined in <a href="CodeSystem-medcom-messaging-activityCodes.html"><code>http://medcomfhir.dk/fhir/core/1.0/CodeSystem/medcom-messaging-activityCodes</code></a><table class="none"><tr><td style="white-space:nowrap"><b>Code</b></td><td><b>Display</b></td></tr><tr><td><a href="CodeSystem-medcom-messaging-activityCodes.html#medcom-messaging-activityCodes-admit-emergency">admit-emergency</a></td><td>Start hospital stay-acute ambulant</td></tr><tr><td><a href="CodeSystem-medcom-messaging-activityCodes.html#medcom-messaging-activityCodes-revise-admit-emergency">revise-admit-emergency</a></td><td>Update of Start hospital stay-acute ambulant</td></tr><tr><td><a href="CodeSystem-medcom-messaging-activityCodes.html#medcom-messaging-activityCodes-cancel-admit-emergency">cancel-admit-emergency</a></td><td>Cancellation of start hospital stay-acute ambulant</td></tr><tr><td><a href="CodeSystem-medcom-messaging-activityCodes.html#medcom-messaging-activityCodes-admit-inpatient">admit-inpatient</a></td><td>Start hospital stay-admission</td></tr><tr><td><a href="CodeSystem-medcom-messaging-activityCodes.html#medcom-messaging-activityCodes-revise-admit-inpatient">revise-admit-inpatient</a></td><td>Update of start hospital stay-admission</td></tr><tr><td><a href="CodeSystem-medcom-messaging-activityCodes.html#medcom-messaging-activityCodes-cancel-admit-inpatient">cancel-admit-inpatient</a></td><td>Cancellation of start hospital stay-admission</td></tr><tr><td><a href="CodeSystem-medcom-messaging-activityCodes.html#medcom-messaging-activityCodes-start-leave-inpatient">start-leave-inpatient</a></td><td>Start leave</td></tr><tr><td><a href="CodeSystem-medcom-messaging-activityCodes.html#medcom-messaging-activityCodes-revise-start-leave-inpatient">revise-start-leave-inpatient</a></td><td>Update of Start leave</td></tr><tr><td><a href="CodeSystem-medcom-messaging-activityCodes.html#medcom-messaging-activityCodes-cancel-start-leave-inpatient">cancel-start-leave-inpatient</a></td><td>Cancellation of Start leave</td></tr><tr><td><a href="CodeSystem-medcom-messaging-activityCodes.html#medcom-messaging-activityCodes-end-leave-inpatient">end-leave-inpatient</a></td><td>End leave</td></tr><tr><td><a href="CodeSystem-medcom-messaging-activityCodes.html#medcom-messaging-activityCodes-revise-end-leave-inpatient">revise-end-leave-inpatient</a></td><td>Update of End leave</td></tr><tr><td><a href="CodeSystem-medcom-messaging-activityCodes.html#medcom-messaging-activityCodes-cancel-end-leave-inpatient">cancel-end-leave-inpatient</a></td><td>Cancellation of End leave</td></tr><tr><td><a href="CodeSystem-medcom-messaging-activityCodes.html#medcom-messaging-activityCodes-discharge-emergency-home">discharge-emergency-home</a></td><td>End hospital Stay - patient discharged to home/primary sector</td></tr><tr><td><a href="CodeSystem-medcom-messaging-activityCodes.html#medcom-messaging-activityCodes-discharge-inpatient-home">discharge-inpatient-home</a></td><td>End hospital Stay - patient discharged to home/primary sector</td></tr><tr><td><a href="CodeSystem-medcom-messaging-activityCodes.html#medcom-messaging-activityCodes-revise-discharge-emergency-home">revise-discharge-emergency-home</a></td><td>Update of End hospital Stay</td></tr><tr><td><a href="CodeSystem-medcom-messaging-activityCodes.html#medcom-messaging-activityCodes-revise-discharge-inpatient-home">revise-discharge-inpatient-home</a></td><td>Update of End hospital Stay</td></tr><tr><td><a href="CodeSystem-medcom-messaging-activityCodes.html#medcom-messaging-activityCodes-cancel-discharge-emergency-home">cancel-discharge-emergency-home</a></td><td>Cancellation of End hospital Stay</td></tr><tr><td><a href="CodeSystem-medcom-messaging-activityCodes.html#medcom-messaging-activityCodes-cancel-discharge-inpatient-home">cancel-discharge-inpatient-home</a></td><td>Cancellation of End hospital Stay</td></tr></table></li></ul></div>
  </text>
  <url value="http://medcomfhir.dk/fhir/core/1.0/ValueSet/medcom-hospitalNotification-messageActivities"/>
  <version value="1.0"/>
  <name value="MedComHospitalNotificationMessageActivities"/>
  <title value="MedCom Hospital Notification Message Activity Codes"/>
  <status value="active"/>
  <date value="2021-01-22T10:15:14+01:00"/>
  <publisher value="MedCom"/>
  <contact>
    <name value="MedCom"/>
    <telecom>
      <system value="url"/>
      <value value="http://www.medcom.dk"/>
    </telecom>
  </contact>
  <description value="ValueSet containg activity codes for hospital notification messages"/>
  <jurisdiction>
    <coding>
      <system value="urn:iso:std:iso:3166"/>
      <code value="DK"/>
      <display value="Denmark"/>
    </coding>
  </jurisdiction>
  <compose>
    <include>
      <system value="http://medcomfhir.dk/fhir/core/1.0/CodeSystem/medcom-messaging-activityCodes"/>
      <concept>
        <code value="admit-emergency"/>
        <display value="Start hospital stay-acute ambulant"/>
      </concept>
      <concept>
        <code value="revise-admit-emergency"/>
        <display value="Update of Start hospital stay-acute ambulant"/>
      </concept>
      <concept>
        <code value="cancel-admit-emergency"/>
        <display value="Cancellation of start hospital stay-acute ambulant"/>
      </concept>
      <concept>
        <code value="admit-inpatient"/>
        <display value="Start hospital stay-admission"/>
      </concept>
      <concept>
        <code value="revise-admit-inpatient"/>
        <display value="Update of start hospital stay-admission"/>
      </concept>
      <concept>
        <code value="cancel-admit-inpatient"/>
        <display value="Cancellation of start hospital stay-admission"/>
      </concept>
      <concept>
        <code value="start-leave-inpatient"/>
        <display value="Start leave"/>
      </concept>
      <concept>
        <code value="revise-start-leave-inpatient"/>
        <display value="Update of Start leave"/>
      </concept>
      <concept>
        <code value="cancel-start-leave-inpatient"/>
        <display value="Cancellation of Start leave"/>
      </concept>
      <concept>
        <code value="end-leave-inpatient"/>
        <display value="End leave"/>
      </concept>
      <concept>
        <code value="revise-end-leave-inpatient"/>
        <display value="Update of End leave"/>
      </concept>
      <concept>
        <code value="cancel-end-leave-inpatient"/>
        <display value="Cancellation of End leave"/>
      </concept>
      <concept>
        <code value="discharge-emergency-home"/>
        <display value="End hospital Stay - patient discharged to home/primary sector"/>
      </concept>
      <concept>
        <code value="discharge-inpatient-home"/>
        <display value="End hospital Stay - patient discharged to home/primary sector"/>
      </concept>
      <concept>
        <code value="revise-discharge-emergency-home"/>
        <display value="Update of End hospital Stay"/>
      </concept>
      <concept>
        <code value="revise-discharge-inpatient-home"/>
        <display value="Update of End hospital Stay"/>
      </concept>
      <concept>
        <code value="cancel-discharge-emergency-home"/>
        <display value="Cancellation of End hospital Stay"/>
      </concept>
      <concept>
        <code value="cancel-discharge-inpatient-home"/>
        <display value="Cancellation of End hospital Stay"/>
      </concept>
    </include>
  </compose>
</ValueSet>