<?xml version="1.0" encoding="UTF-8"?><CodeSystem xmlns="http://hl7.org/fhir"><id value="medcom-messaging-destinationUse"/><text><status value="generated"/><div xmlns="http://www.w3.org/1999/xhtml"><p>This code system http://medcomfhir.dk/fhir/core/1.0/CodeSystem/medcom-messaging-destinationUse defines the following codes:</p><table class="codes"><tr><td style="white-space:nowrap"><b>Code</b></td><td><b>Display</b></td></tr><tr><td style="white-space:nowrap">primary<a name="medcom-messaging-destinationUse-primary"> </a></td><td>Primary destination</td></tr><tr><td style="white-space:nowrap">cc<a name="medcom-messaging-destinationUse-cc"> </a></td><td>Carbon-copy destination</td></tr></table></div></text><url value="http://medcomfhir.dk/fhir/core/1.0/CodeSystem/medcom-messaging-destinationUse"/><version value="1.0"/><name value="MedComMessagingDesinationUseCodes"/><title value="MedCom Messaging Destination Use"/><status value="active"/><date value="2021-01-22T10:15:14+01:00"/><publisher value="MedCom"/><contact><name value="MedCom"/><telecom><system value="url"/><value value="http://www.medcom.dk"/></telecom></contact><description value="Codes indicatin whether the use of a destination in a MedCom message header is as a primary or a carbon copy recipient of the message"/><jurisdiction><coding><system value="urn:iso:std:iso:3166"/><code value="DK"/><display value="Denmark"/></coding></jurisdiction><content value="complete"/><count value="2"/><concept><code value="primary"/><display value="Primary destination"/></concept><concept><code value="cc"/><display value="Carbon-copy destination"/></concept></CodeSystem>