<?xml version="1.0" encoding="UTF-8"?>

<Communication xmlns="http://hl7.org/fhir">
  <id value="CareCommunicationContent"/>
  <meta>
    <profile value="http://medcomfhir.dk/fhir/core/1.0/StructureDefinition/medcom-careCommunication-communication"/>
  </meta>
  <text>
    <status value="generated"/><div xmlns="http://www.w3.org/1999/xhtml"><p><b>Generated Narrative</b></p><p><b>status</b>: unknown</p><p><b>category</b>: <span title="Codes: {http://medcomfhir.dk/fhir/core/1.0/CodeSystem/medcom-careCommunication-categoryCodes carecoordination}">Care Coordination</span></p><p><b>subject</b>: <a href="Patient-733cef33-3626-422b-955d-d506aaa65fe1.html">Generated Summary: id: 0102030405; Eric Flame (OFFICIAL); Phone: 12345678</a></p><p><b>encounter</b>: <a href="Encounter-EncounterWithLPR3Identifier.html">Generated Summary: status: unknown; <span title="{http://terminology.hl7.org/CodeSystem/v3-ActCode AMB}">ambulatory</span></a></p><p><b>sent</b>: 28. sep. 2020 14.34.56</p><h3>Payloads</h3><table class="grid"><tr><td>-</td><td><b>Extension</b></td><td><b>Content[x]</b></td></tr><tr><td>*</td><td>, </td><td>The burns are quite severe</td></tr></table></div>
  </text>
  <status value="unknown"/>
  <category>
    <coding>
      <system value="http://medcomfhir.dk/fhir/core/1.0/CodeSystem/medcom-careCommunication-categoryCodes"/>
      <code value="carecoordination"/>
    </coding>
  </category>
  <subject>
    <reference value="Patient/733cef33-3626-422b-955d-d506aaa65fe1"/>
  </subject>
  <encounter>
    <reference value="Encounter/EncounterWithLPR3Identifier"/>
  </encounter>
  <sent value="2020-09-28T12:34:56Z"/>
  <payload>
    <extension url="http://medcomfhir.dk/fhir/core/1.0/StructureDefinition/medcom-core-datetime-extension">
      <valueDateTime value="2020-09-28"/>
    </extension>
    <extension url="http://medcomfhir.dk/fhir/core/1.0/StructureDefinition/medcom-core-author-extension">
      <valueReference>
        <reference value="Practitioner/MichaelBurns"/>
      </valueReference>
    </extension>
    <contentString value="The burns are quite severe"/>
  </payload>
</Communication>