{
  "resourceType": "Encounter",
  "id": "HospitalNotificationEncounterInProgress",
  "meta": {
    "profile": [
      "http://medcomfhir.dk/fhir/core/1.0/StructureDefinition/medcom-hospitalNotification-encounter"
    ]
  },
  "text": {
    "status": "generated",
    "div": "<div xmlns=\"http://www.w3.org/1999/xhtml\"><p><b>Generated Narrative</b></p><p><b>identifier</b>: id: 1234567890</p><p><b>status</b>: in-progress</p><p><b>class</b>: <span title=\"{http://terminology.hl7.org/CodeSystem/v3-ActCode IMP}\">inpatient encounter</span></p><p><b>subject</b>: <a href=\"Patient-733cef33-3626-422b-955d-d506aaa65fe1.html\">Generated Summary: id: 0102030405; Eric Flame (OFFICIAL); Phone: 12345678</a></p><p><b>episodeOfCare</b>: <span></span></p><p><b>period</b>: 15. okt. 2020 15.44.14 --&gt; (ongoing)</p><p><b>serviceProvider</b>: <a href=\"Organization-BurnCenter.html\">Generated Summary: id: 123456789012345 (OFFICIAL); name: Aros Burn Center</a></p></div>"
  },
  "identifier": [
    {
      "value": "1234567890"
    }
  ],
  "status": "in-progress",
  "class": {
    "system": "http://terminology.hl7.org/CodeSystem/v3-ActCode",
    "code": "IMP"
  },
  "subject": {
    "reference": "Patient/733cef33-3626-422b-955d-d506aaa65fe1"
  },
  "episodeOfCare": [
    {
      "identifier": {
        "system": "https://www.esundhed.dk/Registre/Landspatientsregisteret",
        "value": "87654321-1234-1234-1234-123456789012"
      }
    }
  ],
  "period": {
    "start": "2020-10-15T13:44:14Z"
  },
  "serviceProvider": {
    "reference": "Organization/BurnCenter"
  }
}