{
  "resourceType": "Encounter",
  "id": "EncounterWithLPR3Identifier",
  "meta": {
    "profile": [
      "http://medcomfhir.dk/fhir/core/1.0/StructureDefinition/medcom-core-lpr3Encounter"
    ]
  },
  "text": {
    "status": "generated",
    "div": "<div xmlns=\"http://www.w3.org/1999/xhtml\"><p><b>Generated Narrative</b></p><p><b>status</b>: unknown</p><p><b>class</b>: <span title=\"{http://terminology.hl7.org/CodeSystem/v3-ActCode AMB}\">ambulatory</span></p><p><b>subject</b>: <a href=\"Patient-733cef33-3626-422b-955d-d506aaa65fe1.html\">Generated Summary: id: 0102030405; Eric Flame (OFFICIAL); Phone: 12345678</a></p><p><b>episodeOfCare</b>: <span></span></p></div>"
  },
  "status": "unknown",
  "class": {
    "system": "http://terminology.hl7.org/CodeSystem/v3-ActCode",
    "code": "AMB"
  },
  "subject": {
    "reference": "Patient/733cef33-3626-422b-955d-d506aaa65fe1"
  },
  "episodeOfCare": [
    {
      "identifier": {
        "system": "https://www.esundhed.dk/Registre/Landspatientsregisteret",
        "value": "12345678-1234-1234-1234-123456789012"
      }
    }
  ]
}