<?xml version="1.0" encoding="UTF-8"?>

<ImplementationGuide xmlns="http://hl7.org/fhir">
  <id value="dk.fhir.ig.medcom-core"/>
  <text>
    <status value="extensions"/><div xmlns="http://www.w3.org/1999/xhtml"><h2>MedComCore</h2><p>The official URL for this implementation guide is: </p><pre>http://medcomfhir.dk/fhir/core/1.0/ImplementationGuide/dk.fhir.ig.medcom-core</pre><div><p>The DK MedCom Core IG</p>
</div></div>
  </text>
  <url value="http://medcomfhir.dk/fhir/core/1.0/ImplementationGuide/dk.fhir.ig.medcom-core"/>
  <version value="1.0"/>
  <name value="MedComCore"/>
  <title value="DK MedCom Core"/>
  <status value="active"/>
  <date value="2021-01-22T10:15:14+01:00"/>
  <publisher value="MedCom"/>
  <contact>
    <name value="MedCom"/>
    <telecom>
      <system value="url"/>
      <value value="http://www.medcom.dk"/>
    </telecom>
  </contact>
  <description value="The DK MedCom Core IG"/>
  <jurisdiction>
    <coding>
      <system value="urn:iso:std:iso:3166"/>
      <code value="DK"/>
      <display value="Denmark"/>
    </coding>
  </jurisdiction>
  <packageId value="dk.fhir.ig.medcom-core"/>
  <license value="CC0-1.0"/>
  <fhirVersion value="4.0.1"/>
  <dependsOn id="dk_fhir_ig_dk_core">
    <uri value="http://hl7.dk/fhir/core/ImplementationGuide/dk.fhir.ig.dk-core"/>
    <packageId value="dk.fhir.ig.dk-core"/>
    <version value="current"/>
  </dependsOn>
  <definition>
    <extension url="http://hl7.org/fhir/tools/StructureDefinition/ig-parameter">
      <extension url="code">
        <valueString value="copyrightyear"/>
      </extension>
      <extension url="value">
        <valueString value="2021+"/>
      </extension>
    </extension>
    <extension url="http://hl7.org/fhir/tools/StructureDefinition/ig-parameter">
      <extension url="code">
        <valueString value="releaselabel"/>
      </extension>
      <extension url="value">
        <valueString value="Build CI"/>
      </extension>
    </extension>
    <extension url="http://hl7.org/fhir/tools/StructureDefinition/ig-parameter">
      <extension url="code">
        <valueString value="apply-contact"/>
      </extension>
      <extension url="value">
        <valueString value="true"/>
      </extension>
    </extension>
    <extension url="http://hl7.org/fhir/tools/StructureDefinition/ig-parameter">
      <extension url="code">
        <valueString value="apply-juristiction"/>
      </extension>
      <extension url="value">
        <valueString value="true"/>
      </extension>
    </extension>
    <extension url="http://hl7.org/fhir/tools/StructureDefinition/ig-parameter">
      <extension url="code">
        <valueString value="apply-publisher"/>
      </extension>
      <extension url="value">
        <valueString value="true"/>
      </extension>
    </extension>
    <extension url="http://hl7.org/fhir/tools/StructureDefinition/ig-parameter">
      <extension url="code">
        <valueString value="autoload-resources"/>
      </extension>
      <extension url="value">
        <valueString value="true"/>
      </extension>
    </extension>
    <extension url="http://hl7.org/fhir/tools/StructureDefinition/ig-parameter">
      <extension url="code">
        <valueString value="path-liquid"/>
      </extension>
      <extension url="value">
        <valueString value="template/liquid"/>
      </extension>
    </extension>
    <extension url="http://hl7.org/fhir/tools/StructureDefinition/ig-parameter">
      <extension url="code">
        <valueString value="path-liquid"/>
      </extension>
      <extension url="value">
        <valueString value="input/liquid"/>
      </extension>
    </extension>
    <extension url="http://hl7.org/fhir/tools/StructureDefinition/ig-parameter">
      <extension url="code">
        <valueString value="path-qa"/>
      </extension>
      <extension url="value">
        <valueString value="temp/qa"/>
      </extension>
    </extension>
    <extension url="http://hl7.org/fhir/tools/StructureDefinition/ig-parameter">
      <extension url="code">
        <valueString value="path-temp"/>
      </extension>
      <extension url="value">
        <valueString value="temp/pages"/>
      </extension>
    </extension>
    <extension url="http://hl7.org/fhir/tools/StructureDefinition/ig-parameter">
      <extension url="code">
        <valueString value="path-output"/>
      </extension>
      <extension url="value">
        <valueString value="output"/>
      </extension>
    </extension>
    <extension url="http://hl7.org/fhir/tools/StructureDefinition/ig-parameter">
      <extension url="code">
        <valueString value="path-suppressed-warnings"/>
      </extension>
      <extension url="value">
        <valueString value="input/ignoreWarnings.txt"/>
      </extension>
    </extension>
    <extension url="http://hl7.org/fhir/tools/StructureDefinition/ig-parameter">
      <extension url="code">
        <valueString value="path-history"/>
      </extension>
      <extension url="value">
        <valueString value="http://medcomfhir.dk/fhir/core/1.0/history.html"/>
      </extension>
    </extension>
    <extension url="http://hl7.org/fhir/tools/StructureDefinition/ig-parameter">
      <extension url="code">
        <valueString value="template-html"/>
      </extension>
      <extension url="value">
        <valueString value="template-page.html"/>
      </extension>
    </extension>
    <extension url="http://hl7.org/fhir/tools/StructureDefinition/ig-parameter">
      <extension url="code">
        <valueString value="template-md"/>
      </extension>
      <extension url="value">
        <valueString value="template-page-md.html"/>
      </extension>
    </extension>
    <extension url="http://hl7.org/fhir/tools/StructureDefinition/ig-parameter">
      <extension url="code">
        <valueString value="apply-context"/>
      </extension>
      <extension url="value">
        <valueString value="true"/>
      </extension>
    </extension>
    <extension url="http://hl7.org/fhir/tools/StructureDefinition/ig-parameter">
      <extension url="code">
        <valueString value="apply-copyright"/>
      </extension>
      <extension url="value">
        <valueString value="true"/>
      </extension>
    </extension>
    <extension url="http://hl7.org/fhir/tools/StructureDefinition/ig-parameter">
      <extension url="code">
        <valueString value="apply-jurisdiction"/>
      </extension>
      <extension url="value">
        <valueString value="true"/>
      </extension>
    </extension>
    <extension url="http://hl7.org/fhir/tools/StructureDefinition/ig-parameter">
      <extension url="code">
        <valueString value="apply-license"/>
      </extension>
      <extension url="value">
        <valueString value="true"/>
      </extension>
    </extension>
    <extension url="http://hl7.org/fhir/tools/StructureDefinition/ig-parameter">
      <extension url="code">
        <valueString value="apply-version"/>
      </extension>
      <extension url="value">
        <valueString value="true"/>
      </extension>
    </extension>
    <extension url="http://hl7.org/fhir/tools/StructureDefinition/ig-parameter">
      <extension url="code">
        <valueString value="active-tables"/>
      </extension>
      <extension url="value">
        <valueString value="true"/>
      </extension>
    </extension>
    <resource>
      <extension url="http://hl7.org/fhir/tools/StructureDefinition/resource-information">
        <valueString value="StructureDefinition:resource"/>
      </extension>
      <reference>
        <reference value="StructureDefinition/medcom-careCommunication-communication"/>
      </reference>
      <name value="MedComCareCommunication"/>
      <description value="Care related communication between two or more parties in Danish healthcare"/>
      <exampleBoolean value="false"/>
    </resource>
    <resource>
      <extension url="http://hl7.org/fhir/tools/StructureDefinition/resource-information">
        <valueString value="StructureDefinition:resource"/>
      </extension>
      <reference>
        <reference value="StructureDefinition/medcom-careCommunication-message"/>
      </reference>
      <name value="MedComCareCommunicationMessage"/>
      <description value="Message for communication care related information between parties in Danish Health Care using MedCom Standards"/>
      <exampleBoolean value="false"/>
    </resource>
    <resource>
      <extension url="http://hl7.org/fhir/tools/StructureDefinition/resource-information">
        <valueString value="StructureDefinition:resource"/>
      </extension>
      <reference>
        <reference value="StructureDefinition/medcom-careCommunication-messageHeader"/>
      </reference>
      <name value="MedComCareCommunicationMessageHeader"/>
      <description value="Message header for care communication message"/>
      <exampleBoolean value="false"/>
    </resource>
    <resource>
      <extension url="http://hl7.org/fhir/tools/StructureDefinition/resource-information">
        <valueString value="StructureDefinition:complex-type"/>
      </extension>
      <reference>
        <reference value="StructureDefinition/medcom-core-eanIdentifier"/>
      </reference>
      <name value="MedComCoreEANIdentifier"/>
      <description value="EAN identifier issued by MedCom"/>
      <exampleBoolean value="false"/>
    </resource>
    <resource>
      <extension url="http://hl7.org/fhir/tools/StructureDefinition/resource-information">
        <valueString value="StructureDefinition:resource"/>
      </extension>
      <reference>
        <reference value="StructureDefinition/medcom-core-encounter"/>
      </reference>
      <name value="MedComCoreEncounter"/>
      <description value="An interaction between a patient/citizen and healthcare provider(s) for the purpose of providing healthcare service(s) or assessing the health status of a patient/citizen."/>
      <exampleBoolean value="false"/>
    </resource>
    <resource>
      <extension url="http://hl7.org/fhir/tools/StructureDefinition/resource-information">
        <valueString value="StructureDefinition:resource"/>
      </extension>
      <reference>
        <reference value="StructureDefinition/medcom-core-lpr3Encounter"/>
      </reference>
      <name value="MedComCoreLpr3Encounter"/>
      <description value="Encounter which is part of an episode of care reported to the Danish National Patient Registry"/>
      <exampleBoolean value="false"/>
    </resource>
    <resource>
      <extension url="http://hl7.org/fhir/tools/StructureDefinition/resource-information">
        <valueString value="StructureDefinition:resource"/>
      </extension>
      <reference>
        <reference value="StructureDefinition/medcom-core-organization"/>
      </reference>
      <name value="MedComCoreOrganization"/>
      <description value="A formally recognized organizations within danish healthcare, registered with a SOR identifier issued by The Danish Health Data Authority"/>
      <exampleBoolean value="false"/>
    </resource>
    <resource>
      <extension url="http://hl7.org/fhir/tools/StructureDefinition/resource-information">
        <valueString value="StructureDefinition:resource"/>
      </extension>
      <reference>
        <reference value="StructureDefinition/medcom-core-patient"/>
      </reference>
      <name value="MedComCorePatient"/>
      <description value="Patient/citizen resource to use as subject in MedCom communication"/>
      <exampleBoolean value="false"/>
    </resource>
    <resource>
      <extension url="http://hl7.org/fhir/tools/StructureDefinition/resource-information">
        <valueString value="StructureDefinition:resource"/>
      </extension>
      <reference>
        <reference value="StructureDefinition/medcom-hospitalNotification-encounter"/>
      </reference>
      <name value="MedComHospitalNotificationEncounter"/>
      <description value="Encounter derivation that handles hospital notification when a patient is admitted to a hospital. The hospital notification is always send from a hospital. The receiver of the message is the patients home municipalicy. The hospital notification is send for example when patient is admitted, on leave, returned from leave, finished hospital stay."/>
      <exampleBoolean value="false"/>
    </resource>
    <resource>
      <extension url="http://hl7.org/fhir/tools/StructureDefinition/resource-information">
        <valueString value="StructureDefinition:resource"/>
      </extension>
      <reference>
        <reference value="StructureDefinition/medcom-hospitalNotification-message"/>
      </reference>
      <name value="MedComHospitalNotificationMessage"/>
      <description value="A message for a Hospital Notification. The message is triggered as patients are admitted, onleave or has finished a hospital stay in order to notify the relevant Municipalicy home care"/>
      <exampleBoolean value="false"/>
    </resource>
    <resource>
      <extension url="http://hl7.org/fhir/tools/StructureDefinition/resource-information">
        <valueString value="StructureDefinition:resource"/>
      </extension>
      <reference>
        <reference value="StructureDefinition/medcom-hospitalNotification-messageHeader"/>
      </reference>
      <name value="MedComHospitalNotificationMessageHeader"/>
      <description value="Message header for a hospital notification message."/>
      <exampleBoolean value="false"/>
    </resource>
    <resource>
      <extension url="http://hl7.org/fhir/tools/StructureDefinition/resource-information">
        <valueString value="StructureDefinition:resource"/>
      </extension>
      <reference>
        <reference value="StructureDefinition/medcom-messaging-acknowledgement"/>
      </reference>
      <name value="MedComMessagingAcknowledgement"/>
      <description value="Base resource for all MedCom Acknowledgement messages."/>
      <exampleBoolean value="false"/>
    </resource>
    <resource>
      <extension url="http://hl7.org/fhir/tools/StructureDefinition/resource-information">
        <valueString value="StructureDefinition:resource"/>
      </extension>
      <reference>
        <reference value="StructureDefinition/medcom-messaging-acknowledgementHeader"/>
      </reference>
      <name value="MedComMessagingAcknowledgementHeader"/>
      <description value="A resource that describes a reponse to a message that is exchanged as a MedCom messgage within danish healthcare"/>
      <exampleBoolean value="false"/>
    </resource>
    <resource>
      <extension url="http://hl7.org/fhir/tools/StructureDefinition/resource-information">
        <valueString value="StructureDefinition:resource"/>
      </extension>
      <reference>
        <reference value="StructureDefinition/medcom-messaging-message"/>
      </reference>
      <name value="MedComMessagingMessage"/>
      <description value="Base resource for all MedCom messages."/>
      <exampleBoolean value="false"/>
    </resource>
    <resource>
      <extension url="http://hl7.org/fhir/tools/StructureDefinition/resource-information">
        <valueString value="StructureDefinition:resource"/>
      </extension>
      <reference>
        <reference value="StructureDefinition/medcom-messaging-messageHeader"/>
      </reference>
      <name value="MedComMessagingMessageHeader"/>
      <description value="Message Header for MedCom message bundles"/>
      <exampleBoolean value="false"/>
    </resource>
    <resource>
      <extension url="http://hl7.org/fhir/tools/StructureDefinition/resource-information">
        <valueString value="StructureDefinition:resource"/>
      </extension>
      <reference>
        <reference value="StructureDefinition/medcom-messaging-organization"/>
      </reference>
      <name value="MedComMessagingOrganization"/>
      <description value="A formally recognized organizations registered for exchanging messages within danish healthcare, registered with a EAN identifier issued by MedCom"/>
      <exampleBoolean value="false"/>
    </resource>
    <resource>
      <extension url="http://hl7.org/fhir/tools/StructureDefinition/resource-information">
        <valueString value="StructureDefinition:resource"/>
      </extension>
      <reference>
        <reference value="StructureDefinition/medcom-messaging-provenance"/>
      </reference>
      <name value="MedComMessagingProvenance"/>
      <description value="Provenance information about the messages preceeding the current message"/>
      <exampleBoolean value="false"/>
    </resource>
    <resource>
      <extension url="http://hl7.org/fhir/tools/StructureDefinition/resource-information">
        <valueString value="StructureDefinition:extension"/>
      </extension>
      <reference>
        <reference value="StructureDefinition/medcom-core-author-extension"/>
      </reference>
      <name value="Payload Author Extension"/>
      <description value="Reference to author of this payload"/>
      <exampleBoolean value="false"/>
    </resource>
    <resource>
      <extension url="http://hl7.org/fhir/tools/StructureDefinition/resource-information">
        <valueString value="StructureDefinition:extension"/>
      </extension>
      <reference>
        <reference value="StructureDefinition/medcom-core-datetime-extension"/>
      </reference>
      <name value="Payload DateTime Extension"/>
      <description value="Date and time of this payload"/>
      <exampleBoolean value="false"/>
    </resource>
    <resource>
      <extension url="http://hl7.org/fhir/tools/StructureDefinition/resource-information">
        <valueString value="StructureDefinition:extension"/>
      </extension>
      <reference>
        <reference value="StructureDefinition/medcom-messaging-reportOfAdmissionExtension"/>
      </reference>
      <name value="MedCom Report of Admission Extension"/>
      <description value="Indicates whether the recipient should send a report of admission"/>
      <exampleBoolean value="false"/>
    </resource>
    <resource>
      <extension url="http://hl7.org/fhir/tools/StructureDefinition/resource-information">
        <valueString value="StructureDefinition:extension"/>
      </extension>
      <reference>
        <reference value="StructureDefinition/medcom-messaging-destinationUseExtension"/>
      </reference>
      <name value="MedCom Destination Use Extension"/>
      <description value="Indicates whether the use of a destination in a MedCom message header is as a primary or a carbon copy recipient of the message"/>
      <exampleBoolean value="false"/>
    </resource>
    <resource>
      <extension url="http://hl7.org/fhir/tools/StructureDefinition/resource-information">
        <valueString value="ValueSet"/>
      </extension>
      <reference>
        <reference value="ValueSet/medcom-careCommunication-categories"/>
      </reference>
      <name value="MedCom Care Communication Category Codes"/>
      <description value="ValueSet containing category codes for care communication messages"/>
      <exampleBoolean value="false"/>
    </resource>
    <resource>
      <extension url="http://hl7.org/fhir/tools/StructureDefinition/resource-information">
        <valueString value="ValueSet"/>
      </extension>
      <reference>
        <reference value="ValueSet/medcom-careCommunication-messagingActivities"/>
      </reference>
      <name value="MedCom Care Communication Message Activity Codes"/>
      <description value="ValueSet containg activity codes for care communication messages"/>
      <exampleBoolean value="false"/>
    </resource>
    <resource>
      <extension url="http://hl7.org/fhir/tools/StructureDefinition/resource-information">
        <valueString value="ValueSet"/>
      </extension>
      <reference>
        <reference value="ValueSet/medcom-careCommunication-requestPriority"/>
      </reference>
      <name value="MedCom Care Request Priority Codes"/>
      <description value="ValueSet containg priority codes for care communication messages"/>
      <exampleBoolean value="false"/>
    </resource>
    <resource>
      <extension url="http://hl7.org/fhir/tools/StructureDefinition/resource-information">
        <valueString value="ValueSet"/>
      </extension>
      <reference>
        <reference value="ValueSet/medcom-core-attachmentMimeTypes"/>
      </reference>
      <name value="MedCom Attachment MimeTypes"/>
      <description value="ValueSet containing allowed mime types for MedCom messages"/>
      <exampleBoolean value="false"/>
    </resource>
    <resource>
      <extension url="http://hl7.org/fhir/tools/StructureDefinition/resource-information">
        <valueString value="ValueSet"/>
      </extension>
      <reference>
        <reference value="ValueSet/medcom-core-encounterClass"/>
      </reference>
      <name value="MedCom Core Encounter Class Codes"/>
      <description value="ValueSet containg class codes for MedCom core encounter"/>
      <exampleBoolean value="false"/>
    </resource>
    <resource>
      <extension url="http://hl7.org/fhir/tools/StructureDefinition/resource-information">
        <valueString value="ValueSet"/>
      </extension>
      <reference>
        <reference value="ValueSet/medcom-hospitalNotification-encounterClass"/>
      </reference>
      <name value="MedCom hospital notification encounter class Codes"/>
      <description value="ValueSet containg class codes for hospital notification encounter"/>
      <exampleBoolean value="false"/>
    </resource>
    <resource>
      <extension url="http://hl7.org/fhir/tools/StructureDefinition/resource-information">
        <valueString value="ValueSet"/>
      </extension>
      <reference>
        <reference value="ValueSet/medcom-hospitalNotification-encounterstatus"/>
      </reference>
      <name value="MedCom hospital notification encounter status Codes"/>
      <description value="ValueSet containing status codes for hospital notification encounter"/>
      <exampleBoolean value="false"/>
    </resource>
    <resource>
      <extension url="http://hl7.org/fhir/tools/StructureDefinition/resource-information">
        <valueString value="ValueSet"/>
      </extension>
      <reference>
        <reference value="ValueSet/medcom-hospitalNotification-messageActivities"/>
      </reference>
      <name value="MedCom Hospital Notification Message Activity Codes"/>
      <description value="ValueSet containg activity codes for hospital notification messages"/>
      <exampleBoolean value="false"/>
    </resource>
    <resource>
      <extension url="http://hl7.org/fhir/tools/StructureDefinition/resource-information">
        <valueString value="ValueSet"/>
      </extension>
      <reference>
        <reference value="ValueSet/medcom-messaging-messageTypes"/>
      </reference>
      <name value="MedCom Messaging Message Types"/>
      <description value="All message types for MedCom messages"/>
      <exampleBoolean value="false"/>
    </resource>
    <resource>
      <extension url="http://hl7.org/fhir/tools/StructureDefinition/resource-information">
        <valueString value="ValueSet"/>
      </extension>
      <reference>
        <reference value="ValueSet/medcom-messaging-vans-statisticalCode-combinations"/>
      </reference>
      <name value="MedCom Messaging Vans StatisticalCode Combinations"/>
      <description value="MedCom Messaging Vans StatisticalCode Combinations"/>
      <exampleBoolean value="false"/>
    </resource>
    <resource>
      <extension url="http://hl7.org/fhir/tools/StructureDefinition/resource-information">
        <valueString value="CodeSystem"/>
      </extension>
      <reference>
        <reference value="CodeSystem/medcom-careCommunication-categoryCodes"/>
      </reference>
      <name value="MedCom Care Communication Categories"/>
      <description value="Category codes for care communication messages"/>
      <exampleBoolean value="false"/>
    </resource>
    <resource>
      <extension url="http://hl7.org/fhir/tools/StructureDefinition/resource-information">
        <valueString value="CodeSystem"/>
      </extension>
      <reference>
        <reference value="CodeSystem/medcom-core-encounterActCodes"/>
      </reference>
      <name value="MedCom Encounter Act Codes"/>
      <description value="Codes added to encounter class value set for MedCom messages"/>
      <exampleBoolean value="false"/>
    </resource>
    <resource>
      <extension url="http://hl7.org/fhir/tools/StructureDefinition/resource-information">
        <valueString value="CodeSystem"/>
      </extension>
      <reference>
        <reference value="CodeSystem/medcom-messaging-activityCodes"/>
      </reference>
      <name value="MedCom Message Activity Codes"/>
      <description value="Activity codes for MedCom messages"/>
      <exampleBoolean value="false"/>
    </resource>
    <resource>
      <extension url="http://hl7.org/fhir/tools/StructureDefinition/resource-information">
        <valueString value="CodeSystem"/>
      </extension>
      <reference>
        <reference value="CodeSystem/medcom-messaging-eventCodes"/>
      </reference>
      <name value="MedCom Message Events"/>
      <description value="Message events for MedCom messages"/>
      <exampleBoolean value="false"/>
    </resource>
    <resource>
      <extension url="http://hl7.org/fhir/tools/StructureDefinition/resource-information">
        <valueString value="CodeSystem"/>
      </extension>
      <reference>
        <reference value="CodeSystem/medcom-messaging-destinationUse"/>
      </reference>
      <name value="MedCom Messaging Destination Use"/>
      <description value="Codes indicatin whether the use of a destination in a MedCom message header is as a primary or a carbon copy recipient of the message"/>
      <exampleBoolean value="false"/>
    </resource>
    <resource>
      <extension url="http://hl7.org/fhir/tools/StructureDefinition/resource-information">
        <valueString value="CodeSystem"/>
      </extension>
      <reference>
        <reference value="CodeSystem/medcom-messaging-statisticalCodes"/>
      </reference>
      <name value="MedCom Messaging Statistical Codes"/>
      <description value="Statistical Codes for MedCom VANS messages"/>
      <exampleBoolean value="false"/>
    </resource>
    <resource>
      <extension url="http://hl7.org/fhir/tools/StructureDefinition/resource-information">
        <valueString value="Patient"/>
      </extension>
      <reference>
        <reference value="Patient/382fb8a3-6725-41e2-a615-2b1cfcfe9931"/>
      </reference>
      <name value="Erik Clausen"/>
      <description value="Patient deceased with a managing organization. Valid only if used in a bundle (message)."/>
      <exampleCanonical value="http://medcomfhir.dk/fhir/core/1.0/StructureDefinition/medcom-core-patient"/>
    </resource>
    <resource>
      <extension url="http://hl7.org/fhir/tools/StructureDefinition/resource-information">
        <valueString value="Patient"/>
      </extension>
      <reference>
        <reference value="Patient/5b72c625-0570-4111-b272-f0351344f8b6"/>
      </reference>
      <name value="Erik Clausen"/>
      <description value="Patient not deceased with a managing organization. Valid only if used in a bundle (message)."/>
      <exampleCanonical value="http://medcomfhir.dk/fhir/core/1.0/StructureDefinition/medcom-core-patient"/>
    </resource>
    <resource>
      <extension url="http://hl7.org/fhir/tools/StructureDefinition/resource-information">
        <valueString value="Patient"/>
      </extension>
      <reference>
        <reference value="Patient/733cef33-3626-422b-955d-d506aaa65fe1"/>
      </reference>
      <name value="Eric Flame"/>
      <description value="Patient with a managing organization. Valid only if used in a bundle (message)."/>
      <exampleCanonical value="http://medcomfhir.dk/fhir/core/1.0/StructureDefinition/medcom-core-patient"/>
    </resource>
    <resource>
      <extension url="http://hl7.org/fhir/tools/StructureDefinition/resource-information">
        <valueString value="Bundle"/>
      </extension>
      <reference>
        <reference value="Bundle/AcknowledgementExample"/>
      </reference>
      <name value="AcknowledgementExample"/>
      <description value="Example of a Acknowledgement message."/>
      <exampleCanonical value="http://medcomfhir.dk/fhir/core/1.0/StructureDefinition/medcom-messaging-acknowledgement"/>
    </resource>
    <resource>
      <extension url="http://hl7.org/fhir/tools/StructureDefinition/resource-information">
        <valueString value="Bundle"/>
      </extension>
      <reference>
        <reference value="Bundle/AcknowledgementExample-fatal-error"/>
      </reference>
      <name value="AcknowledgementExample-fatal-error"/>
      <description value="Example of a fatal-error Acknowledgement message."/>
      <exampleCanonical value="http://medcomfhir.dk/fhir/core/1.0/StructureDefinition/medcom-messaging-acknowledgement"/>
    </resource>
    <resource>
      <extension url="http://hl7.org/fhir/tools/StructureDefinition/resource-information">
        <valueString value="Bundle"/>
      </extension>
      <reference>
        <reference value="Bundle/AcknowledgementExample-ok"/>
      </reference>
      <name value="AcknowledgementExample-ok"/>
      <description value="Example of a ok Acknowledgement message."/>
      <exampleCanonical value="http://medcomfhir.dk/fhir/core/1.0/StructureDefinition/medcom-messaging-acknowledgement"/>
    </resource>
    <resource>
      <extension url="http://hl7.org/fhir/tools/StructureDefinition/resource-information">
        <valueString value="MessageHeader"/>
      </extension>
      <reference>
        <reference value="MessageHeader/AcknowledgementHeaderExample"/>
      </reference>
      <name value="AcknowledgementHeaderExample"/>
      <description value="Message header for an empty message. Valid only if used in a bundle (message)."/>
      <exampleCanonical value="http://medcomfhir.dk/fhir/core/1.0/StructureDefinition/medcom-messaging-acknowledgementHeader"/>
    </resource>
    <resource>
      <extension url="http://hl7.org/fhir/tools/StructureDefinition/resource-information">
        <valueString value="MessageHeader"/>
      </extension>
      <reference>
        <reference value="MessageHeader/AcknowledgementHeaderExample-fatal-error"/>
      </reference>
      <name value="AcknowledgementHeaderExample-fatal-error"/>
      <description value="Message header for an fatal-error message"/>
      <exampleCanonical value="http://medcomfhir.dk/fhir/core/1.0/StructureDefinition/medcom-messaging-acknowledgementHeader"/>
    </resource>
    <resource>
      <extension url="http://hl7.org/fhir/tools/StructureDefinition/resource-information">
        <valueString value="MessageHeader"/>
      </extension>
      <reference>
        <reference value="MessageHeader/AcknowledgementHeaderExample-ok"/>
      </reference>
      <name value="AcknowledgementHeaderExample-ok"/>
      <description value="Message header for an ok message"/>
      <exampleCanonical value="http://medcomfhir.dk/fhir/core/1.0/StructureDefinition/medcom-messaging-acknowledgementHeader"/>
    </resource>
    <resource>
      <extension url="http://hl7.org/fhir/tools/StructureDefinition/resource-information">
        <valueString value="Organization"/>
      </extension>
      <reference>
        <reference value="Organization/BurnCenter"/>
      </reference>
      <name value="Aros Burn Center"/>
      <description value="A core organization with a SOR identifier."/>
      <exampleCanonical value="http://medcomfhir.dk/fhir/core/1.0/StructureDefinition/medcom-core-organization"/>
    </resource>
    <resource>
      <extension url="http://hl7.org/fhir/tools/StructureDefinition/resource-information">
        <valueString value="Communication"/>
      </extension>
      <reference>
        <reference value="Communication/CareCommunicationContent"/>
      </reference>
      <name value="Example of Care Communication Content"/>
      <description value="Content of care communication message. Valid only if used in a bundle (message)."/>
      <exampleCanonical value="http://medcomfhir.dk/fhir/core/1.0/StructureDefinition/medcom-careCommunication-communication"/>
    </resource>
    <resource>
      <extension url="http://hl7.org/fhir/tools/StructureDefinition/resource-information">
        <valueString value="Bundle"/>
      </extension>
      <reference>
        <reference value="Bundle/CareCommunicationMessageExample"/>
      </reference>
      <name value="MedCom Care Communication Message Example"/>
      <description value="Example of a care communication message."/>
      <exampleCanonical value="http://medcomfhir.dk/fhir/core/1.0/StructureDefinition/medcom-careCommunication-message"/>
    </resource>
    <resource>
      <extension url="http://hl7.org/fhir/tools/StructureDefinition/resource-information">
        <valueString value="Bundle"/>
      </extension>
      <reference>
        <reference value="Bundle/CareCommunicationMessageForwardExample"/>
      </reference>
      <name value="MedCom Care Communication Forward Message Example"/>
      <description value="Example of a forward of a care communication message."/>
      <exampleCanonical value="http://medcomfhir.dk/fhir/core/1.0/StructureDefinition/medcom-careCommunication-message"/>
    </resource>
    <resource>
      <extension url="http://hl7.org/fhir/tools/StructureDefinition/resource-information">
        <valueString value="MessageHeader"/>
      </extension>
      <reference>
        <reference value="MessageHeader/CareCommunicationMessageHeader"/>
      </reference>
      <name value="CareCommunicationMessageHeader"/>
      <description value="Message header for care communication message. Valid only if used in a bundle (message)."/>
      <exampleCanonical value="http://medcomfhir.dk/fhir/core/1.0/StructureDefinition/medcom-careCommunication-messageHeader"/>
    </resource>
    <resource>
      <extension url="http://hl7.org/fhir/tools/StructureDefinition/resource-information">
        <valueString value="Bundle"/>
      </extension>
      <reference>
        <reference value="Bundle/CareCommunicationMessageReplyExample"/>
      </reference>
      <name value="MedCom Care Communication Reply Message Example"/>
      <description value="Example of a reply to a care communication message."/>
      <exampleCanonical value="http://medcomfhir.dk/fhir/core/1.0/StructureDefinition/medcom-careCommunication-message"/>
    </resource>
    <resource>
      <extension url="http://hl7.org/fhir/tools/StructureDefinition/resource-information">
        <valueString value="Bundle"/>
      </extension>
      <reference>
        <reference value="Bundle/EmptyMessage"/>
      </reference>
      <name value="EmptyMessage"/>
      <description value="Example of an emty message."/>
      <exampleCanonical value="http://medcomfhir.dk/fhir/core/1.0/StructureDefinition/medcom-messaging-message"/>
    </resource>
    <resource>
      <extension url="http://hl7.org/fhir/tools/StructureDefinition/resource-information">
        <valueString value="Encounter"/>
      </extension>
      <reference>
        <reference value="Encounter/EncounterWithLPR3Identifier"/>
      </reference>
      <name value="Encounter with LPR3 identifier"/>
      <description value="Encounter with an identifier that may be a LPR3 id. Valid only if used in a bundle (message)."/>
      <exampleCanonical value="http://medcomfhir.dk/fhir/core/1.0/StructureDefinition/medcom-core-lpr3Encounter"/>
    </resource>
    <resource>
      <extension url="http://hl7.org/fhir/tools/StructureDefinition/resource-information">
        <valueString value="MessageHeader"/>
      </extension>
      <reference>
        <reference value="MessageHeader/HospitalNotificationAdmitDeceasedMessageHeader"/>
      </reference>
      <name value="HospitalNotificationAdmitDeceasedMessageHeader"/>
      <description value="Message header for a hospital notification admit message when patient later is deceased. Valid only if used in a bundle (message)."/>
      <exampleCanonical value="http://medcomfhir.dk/fhir/core/1.0/StructureDefinition/medcom-hospitalNotification-messageHeader"/>
    </resource>
    <resource>
      <extension url="http://hl7.org/fhir/tools/StructureDefinition/resource-information">
        <valueString value="Provenance"/>
      </extension>
      <reference>
        <reference value="Provenance/HospitalNotificationAdmitProvenance"/>
      </reference>
      <name value="HospitalNotificationAdmitProvenance"/>
      <description value="Provenance information for a medcom Hospital Notification message. Valid only if used in a bundle (message)."/>
      <exampleCanonical value="http://medcomfhir.dk/fhir/core/1.0/StructureDefinition/medcom-messaging-provenance"/>
    </resource>
    <resource>
      <extension url="http://hl7.org/fhir/tools/StructureDefinition/resource-information">
        <valueString value="MessageHeader"/>
      </extension>
      <reference>
        <reference value="MessageHeader/HospitalNotificationAdmittedMessageHeader"/>
      </reference>
      <name value="HospitalNotificationAdmittedMessageHeader"/>
      <description value="Message header for a hospital notification admit message. Valid only if used in a bundle (message)."/>
      <exampleCanonical value="http://medcomfhir.dk/fhir/core/1.0/StructureDefinition/medcom-hospitalNotification-messageHeader"/>
    </resource>
    <resource>
      <extension url="http://hl7.org/fhir/tools/StructureDefinition/resource-information">
        <valueString value="MessageHeader"/>
      </extension>
      <reference>
        <reference value="MessageHeader/HospitalNotificationDischargedDeceasedMessageHeader"/>
      </reference>
      <name value="HospitalNotificationDischargedDeceasedMessageHeader"/>
      <description value="Message header for a hospital notification discharge message when patient is deceased. Valid only if used in a bundle (message)."/>
      <exampleCanonical value="http://medcomfhir.dk/fhir/core/1.0/StructureDefinition/medcom-hospitalNotification-messageHeader"/>
    </resource>
    <resource>
      <extension url="http://hl7.org/fhir/tools/StructureDefinition/resource-information">
        <valueString value="MessageHeader"/>
      </extension>
      <reference>
        <reference value="MessageHeader/HospitalNotificationDischargedMessageHeader"/>
      </reference>
      <name value="HospitalNotificationDischargedMessageHeader"/>
      <description value="Message header for a hospital notification discharge message. Valid only if used in a bundle (message)."/>
      <exampleCanonical value="http://medcomfhir.dk/fhir/core/1.0/StructureDefinition/medcom-hospitalNotification-messageHeader"/>
    </resource>
    <resource>
      <extension url="http://hl7.org/fhir/tools/StructureDefinition/resource-information">
        <valueString value="Encounter"/>
      </extension>
      <reference>
        <reference value="Encounter/HospitalNotificationEncounterAdmittetBeforeDeceased"/>
      </reference>
      <name value="MedCom Hospital Notification Encounter admitted before deceased"/>
      <description value="Example of MedCom Hospital Noticication inpatient Encounter when patient is admitted"/>
      <exampleCanonical value="http://medcomfhir.dk/fhir/core/1.0/StructureDefinition/medcom-hospitalNotification-encounter"/>
    </resource>
    <resource>
      <extension url="http://hl7.org/fhir/tools/StructureDefinition/resource-information">
        <valueString value="Encounter"/>
      </extension>
      <reference>
        <reference value="Encounter/HospitalNotificationEncounterFinished"/>
      </reference>
      <name value="MedCom Hospital Notification Encounter in progress"/>
      <description value="Example of MedCom Hospital Noticication inpatient Encounter in progress with Burncenter as serviceProvider"/>
      <exampleCanonical value="http://medcomfhir.dk/fhir/core/1.0/StructureDefinition/medcom-hospitalNotification-encounter"/>
    </resource>
    <resource>
      <extension url="http://hl7.org/fhir/tools/StructureDefinition/resource-information">
        <valueString value="Encounter"/>
      </extension>
      <reference>
        <reference value="Encounter/HospitalNotificationEncounterFinishedWhenDeceased"/>
      </reference>
      <name value="MedCom Hospital Notification Encounter finished"/>
      <description value="Example of MedCom Hospital Noticication inpatient Encounter finished, patient deceased"/>
      <exampleCanonical value="http://medcomfhir.dk/fhir/core/1.0/StructureDefinition/medcom-hospitalNotification-encounter"/>
    </resource>
    <resource>
      <extension url="http://hl7.org/fhir/tools/StructureDefinition/resource-information">
        <valueString value="Encounter"/>
      </extension>
      <reference>
        <reference value="Encounter/HospitalNotificationEncounterInProgress"/>
      </reference>
      <name value="MedCom Hospital Notification Encounter in progress"/>
      <description value="Example of MedCom Hospital Noticication inpatient Encounter in progress with Burncenter as serviceProvider"/>
      <exampleCanonical value="http://medcomfhir.dk/fhir/core/1.0/StructureDefinition/medcom-hospitalNotification-encounter"/>
    </resource>
    <resource>
      <extension url="http://hl7.org/fhir/tools/StructureDefinition/resource-information">
        <valueString value="Encounter"/>
      </extension>
      <reference>
        <reference value="Encounter/HospitalNotificationEncounterOnLeave"/>
      </reference>
      <name value="MedCom Hospital Notification Encounter on leave"/>
      <description value="Example of MedCom Hospital Noticication inpatient Encounter on leave with Burncenter as serviceProvider"/>
      <exampleCanonical value="http://medcomfhir.dk/fhir/core/1.0/StructureDefinition/medcom-hospitalNotification-encounter"/>
    </resource>
    <resource>
      <extension url="http://hl7.org/fhir/tools/StructureDefinition/resource-information">
        <valueString value="MessageHeader"/>
      </extension>
      <reference>
        <reference value="MessageHeader/HospitalNotificationEndLeaveMessageHeader"/>
      </reference>
      <name value="HospitalNotificationEndLeaveMessageHeader"/>
      <description value="Message header for a hospital notification start leave message. Valid only if used in a bundle (message)."/>
      <exampleCanonical value="http://medcomfhir.dk/fhir/core/1.0/StructureDefinition/medcom-hospitalNotification-messageHeader"/>
    </resource>
    <resource>
      <extension url="http://hl7.org/fhir/tools/StructureDefinition/resource-information">
        <valueString value="Provenance"/>
      </extension>
      <reference>
        <reference value="Provenance/HospitalNotificationEndLeaveProvenance"/>
      </reference>
      <name value="HospitalNotificationEndLeaveProvenance"/>
      <description value="Provenance information for a medcom Hospital Notification message. Valid only if used in a bundle (message)."/>
      <exampleCanonical value="http://medcomfhir.dk/fhir/core/1.0/StructureDefinition/medcom-messaging-provenance"/>
    </resource>
    <resource>
      <extension url="http://hl7.org/fhir/tools/StructureDefinition/resource-information">
        <valueString value="MessageHeader"/>
      </extension>
      <reference>
        <reference value="MessageHeader/HospitalNotificationOnLeaveMessageHeader"/>
      </reference>
      <name value="HospitalNotificationOnLeaveMessageHeader"/>
      <description value="Message header for a hospital notification start leave message. Valid only if used in a bundle (message)."/>
      <exampleCanonical value="http://medcomfhir.dk/fhir/core/1.0/StructureDefinition/medcom-hospitalNotification-messageHeader"/>
    </resource>
    <resource>
      <extension url="http://hl7.org/fhir/tools/StructureDefinition/resource-information">
        <valueString value="Provenance"/>
      </extension>
      <reference>
        <reference value="Provenance/HospitalNotificationStartLeaveForEndLeaveProvenance"/>
      </reference>
      <name value="HospitalNotificationStartLeaveForEndLeaveProvenance"/>
      <description value="Provenance information for a medcom Hospital Notification message. Valid only if used in a bundle (message)."/>
      <exampleCanonical value="http://medcomfhir.dk/fhir/core/1.0/StructureDefinition/medcom-messaging-provenance"/>
    </resource>
    <resource>
      <extension url="http://hl7.org/fhir/tools/StructureDefinition/resource-information">
        <valueString value="Provenance"/>
      </extension>
      <reference>
        <reference value="Provenance/HospitalNotificationStartLeaveProvenance"/>
      </reference>
      <name value="HospitalNotificationStartLeaveProvenance"/>
      <description value="Provenance information for a medcom Hospital Notification message. Valid only if used in a bundle (message)."/>
      <exampleCanonical value="http://medcomfhir.dk/fhir/core/1.0/StructureDefinition/medcom-messaging-provenance"/>
    </resource>
    <resource>
      <extension url="http://hl7.org/fhir/tools/StructureDefinition/resource-information">
        <valueString value="Bundle"/>
      </extension>
      <reference>
        <reference value="Bundle/MedComHospitalNotificationMessageAdmitExample"/>
      </reference>
      <name value="MedCom Hospital Notification Message Admit Example"/>
      <description value="Example of MedCom Hospital Notification Admit"/>
      <exampleCanonical value="http://medcomfhir.dk/fhir/core/1.0/StructureDefinition/medcom-hospitalNotification-message"/>
    </resource>
    <resource>
      <extension url="http://hl7.org/fhir/tools/StructureDefinition/resource-information">
        <valueString value="Bundle"/>
      </extension>
      <reference>
        <reference value="Bundle/MedComHospitalNotificationMessageAdmittedBeforeDeceasedExample"/>
      </reference>
      <name value="MedCom Hospital Notification Message Admitted before Deceased Example"/>
      <description value="Example of MedCom Hospital Notification admit when patient is later deceased"/>
      <exampleCanonical value="http://medcomfhir.dk/fhir/core/1.0/StructureDefinition/medcom-hospitalNotification-message"/>
    </resource>
    <resource>
      <extension url="http://hl7.org/fhir/tools/StructureDefinition/resource-information">
        <valueString value="Bundle"/>
      </extension>
      <reference>
        <reference value="Bundle/MedComHospitalNotificationMessageDischargeDeceasedExample"/>
      </reference>
      <name value="MedCom Hospital Notification Message Discharge Deceased Example"/>
      <description value="Example of MedCom Hospital Notification Discharge when patient is deceased"/>
      <exampleCanonical value="http://medcomfhir.dk/fhir/core/1.0/StructureDefinition/medcom-hospitalNotification-message"/>
    </resource>
    <resource>
      <extension url="http://hl7.org/fhir/tools/StructureDefinition/resource-information">
        <valueString value="Bundle"/>
      </extension>
      <reference>
        <reference value="Bundle/MedComHospitalNotificationMessageDischargeExample"/>
      </reference>
      <name value="MedCom Hospital Notification Message Discharge Example"/>
      <description value="Example of MedCom Hospital Notification Discharge"/>
      <exampleCanonical value="http://medcomfhir.dk/fhir/core/1.0/StructureDefinition/medcom-hospitalNotification-message"/>
    </resource>
    <resource>
      <extension url="http://hl7.org/fhir/tools/StructureDefinition/resource-information">
        <valueString value="Bundle"/>
      </extension>
      <reference>
        <reference value="Bundle/MedComHospitalNotificationMessageEndLeaveExample"/>
      </reference>
      <name value="MedCom Hospital Notification Message End Leave Example"/>
      <description value="Example of MedCom Hospital Notification End Leave"/>
      <exampleCanonical value="http://medcomfhir.dk/fhir/core/1.0/StructureDefinition/medcom-hospitalNotification-message"/>
    </resource>
    <resource>
      <extension url="http://hl7.org/fhir/tools/StructureDefinition/resource-information">
        <valueString value="Bundle"/>
      </extension>
      <reference>
        <reference value="Bundle/MedComHospitalNotificationMessageStartLeaveExample"/>
      </reference>
      <name value="MedCom Hospital Notification Message Start Leave Example"/>
      <description value="Example of MedCom Hospital Notification Start Leave"/>
      <exampleCanonical value="http://medcomfhir.dk/fhir/core/1.0/StructureDefinition/medcom-hospitalNotification-message"/>
    </resource>
    <resource>
      <extension url="http://hl7.org/fhir/tools/StructureDefinition/resource-information">
        <valueString value="MessageHeader"/>
      </extension>
      <reference>
        <reference value="MessageHeader/MessageHeaderExample"/>
      </reference>
      <name value="MessageHeaderExample"/>
      <description value="Message Header for an empty message. Valid only if used in a bundle (message)."/>
      <exampleCanonical value="http://medcomfhir.dk/fhir/core/1.0/StructureDefinition/medcom-messaging-messageHeader"/>
    </resource>
    <resource>
      <extension url="http://hl7.org/fhir/tools/StructureDefinition/resource-information">
        <valueString value="Organization"/>
      </extension>
      <reference>
        <reference value="Organization/MessageReceiver"/>
      </reference>
      <name value="MessageReceiver"/>
      <description value="Example of an organization with a SOR and an EAN identifier."/>
      <exampleCanonical value="http://medcomfhir.dk/fhir/core/1.0/StructureDefinition/medcom-messaging-organization"/>
    </resource>
    <resource>
      <extension url="http://hl7.org/fhir/tools/StructureDefinition/resource-information">
        <valueString value="Organization"/>
      </extension>
      <reference>
        <reference value="Organization/MessageSender"/>
      </reference>
      <name value="MessageSender"/>
      <description value="Example of an organization with a SOR and an EAN identifier."/>
      <exampleCanonical value="http://medcomfhir.dk/fhir/core/1.0/StructureDefinition/medcom-messaging-organization"/>
    </resource>
    <resource>
      <extension url="http://hl7.org/fhir/tools/StructureDefinition/resource-information">
        <valueString value="Provenance"/>
      </extension>
      <reference>
        <reference value="Provenance/NewCareCommunicationProvenance"/>
      </reference>
      <name value="NewCareCommunicationProvenance"/>
      <description value="Provenance information for a medcom message. Valid only if used in a bundle (message)."/>
      <exampleCanonical value="http://medcomfhir.dk/fhir/core/1.0/StructureDefinition/medcom-messaging-provenance"/>
    </resource>
    <resource>
      <extension url="http://hl7.org/fhir/tools/StructureDefinition/resource-information">
        <valueString value="OperationOutcome"/>
      </extension>
      <reference>
        <reference value="OperationOutcome/OperationOutcome-error"/>
      </reference>
      <name value="OperationOutcome-error"/>
      <description value="Example of a error operationOutcome"/>
      <exampleBoolean value="true"/>
    </resource>
    <resource>
      <extension url="http://hl7.org/fhir/tools/StructureDefinition/resource-information">
        <valueString value="OperationOutcome"/>
      </extension>
      <reference>
        <reference value="OperationOutcome/OperationOutcome-ok"/>
      </reference>
      <name value="OperationOutcome-ok"/>
      <description value="Example of a ok operationOutcome"/>
      <exampleBoolean value="true"/>
    </resource>
    <resource>
      <extension url="http://hl7.org/fhir/tools/StructureDefinition/resource-information">
        <valueString value="Organization"/>
      </extension>
      <reference>
        <reference value="Organization/PractitionerClinic"/>
      </reference>
      <name value="Practitioner Clinic"/>
      <description value="An organization with a SOR identifier."/>
      <exampleCanonical value="http://medcomfhir.dk/fhir/core/1.0/StructureDefinition/medcom-core-organization"/>
    </resource>
    <resource>
      <extension url="http://hl7.org/fhir/tools/StructureDefinition/resource-information">
        <valueString value="Encounter"/>
      </extension>
      <reference>
        <reference value="Encounter/example"/>
      </reference>
      <name value="MedCom Core Encounter"/>
      <description value="Example of a simple MedCom Core Encounter"/>
      <exampleCanonical value="http://medcomfhir.dk/fhir/core/1.0/StructureDefinition/medcom-core-encounter"/>
    </resource>
    <page>
      <nameUrl value="toc.html"/>
      <title value="Table of Contents"/>
      <generation value="html"/>
      <page>
        <nameUrl value="index.html"/>
        <title value="Home"/>
        <generation value="markdown"/>
      </page>
      <page>
        <nameUrl value="downloads.html"/>
        <title value="Downloads"/>
        <generation value="markdown"/>
      </page>
      <page>
        <nameUrl value="extensions.html"/>
        <title value="Extensions"/>
        <generation value="html"/>
      </page>
      <page>
        <nameUrl value="profiles.html"/>
        <title value="Profiles"/>
        <generation value="html"/>
      </page>
      <page>
        <nameUrl value="terminology.html"/>
        <title value="Terminology"/>
        <generation value="html"/>
      </page>
    </page>
    <parameter>
      <code value="path-resource"/>
      <value value="input/capabilities"/>
    </parameter>
    <parameter>
      <code value="path-resource"/>
      <value value="input/examples"/>
    </parameter>
    <parameter>
      <code value="path-resource"/>
      <value value="input/extensions"/>
    </parameter>
    <parameter>
      <code value="path-resource"/>
      <value value="input/models"/>
    </parameter>
    <parameter>
      <code value="path-resource"/>
      <value value="input/operations"/>
    </parameter>
    <parameter>
      <code value="path-resource"/>
      <value value="input/profiles"/>
    </parameter>
    <parameter>
      <code value="path-resource"/>
      <value value="input/resources"/>
    </parameter>
    <parameter>
      <code value="path-resource"/>
      <value value="input/vocabulary"/>
    </parameter>
    <parameter>
      <code value="path-resource"/>
      <value value="input/maps"/>
    </parameter>
    <parameter>
      <code value="path-resource"/>
      <value value="input/testing"/>
    </parameter>
    <parameter>
      <code value="path-resource"/>
      <value value="input/history"/>
    </parameter>
    <parameter>
      <code value="path-resource"/>
      <value value="fsh-generated/resources"/>
    </parameter>
    <parameter>
      <code value="path-pages"/>
      <value value="template/config"/>
    </parameter>
    <parameter>
      <code value="path-pages"/>
      <value value="input/images"/>
    </parameter>
    <parameter>
      <code value="path-tx-cache"/>
      <value value="input-cache/txcache"/>
    </parameter>
  </definition>
</ImplementationGuide>