<?xml version="1.0" encoding="UTF-8"?>

<MessageHeader xmlns="http://hl7.org/fhir">
  <id value="HospitalNotificationDischargedDeceasedMessageHeader"/>
  <meta>
    <profile value="http://medcomfhir.dk/fhir/core/1.0/StructureDefinition/medcom-hospitalNotification-messageHeader"/>
  </meta>
  <text>
    <status value="generated"/><div xmlns="http://www.w3.org/1999/xhtml"><p><b>Generated Narrative</b></p><p><b>event</b>: <span title="{http://medcomfhir.dk/fhir/core/1.0/CodeSystem/medcom-messaging-eventCodes hospital-notification-message}">Hospital Notification Message</span></p><h3>Destinations</h3><table class="grid"><tr><td>-</td><td><b>Extension</b></td><td><b>Endpoint</b></td><td><b>Receiver</b></td></tr><tr><td>*</td><td></td><td><a href="http://medcom.dk/unknown">http://medcom.dk/unknown</a></td><td><a href="Organization-MessageReceiver.html">Generated Summary: id: 543210987654321, id: 3210987654321; name: Receiver Organization</a></td></tr></table><p><b>sender</b>: <a href="Organization-MessageSender.html">Generated Summary: id: 123456789012345, id: 1234567890123; name: Sender Organization</a></p><h3>Sources</h3><table class="grid"><tr><td>-</td><td><b>Endpoint</b></td></tr><tr><td>*</td><td><a href="http://medcom.dk/unknown">http://medcom.dk/unknown</a></td></tr></table><p><b>focus</b>: <a href="Encounter-HospitalNotificationEncounterFinishedWhenDeceased.html">Generated Summary: id: 7b9f8497-3314-4535-8f86-20df7b5f4d55; status: finished; <span title="{http://terminology.hl7.org/CodeSystem/v3-ActCode IMP}">inpatient encounter</span>; period: 13. jan. 2021 14.44.14 --&gt; (ongoing)</a></p></div>
  </text>
  <eventCoding>
    <system value="http://medcomfhir.dk/fhir/core/1.0/CodeSystem/medcom-messaging-eventCodes"/>
    <code value="hospital-notification-message"/>
  </eventCoding>
  <destination>
    <extension url="http://medcomfhir.dk/fhir/core/1.0/StructureDefinition/medcom-messaging-destinationUseExtension">
      <valueCoding>
        <system value="http://medcomfhir.dk/fhir/core/1.0/CodeSystem/medcom-messaging-destinationUse"/>
        <code value="primary"/>
      </valueCoding>
    </extension>
    <endpoint value="http://medcom.dk/unknown"/>
    <receiver>
      <reference value="Organization/MessageReceiver"/>
    </receiver>
  </destination>
  <sender>
    <reference value="Organization/MessageSender"/>
  </sender>
  <source>
    <endpoint value="http://medcom.dk/unknown"/>
  </source>
  <focus>
    <reference value="Encounter/HospitalNotificationEncounterFinishedWhenDeceased"/>
  </focus>
</MessageHeader>