{
  "resourceType": "MessageHeader",
  "id": "CareCommunicationMessageHeader",
  "meta": {
    "profile": [
      "http://medcomfhir.dk/fhir/core/1.0/StructureDefinition/medcom-careCommunication-messageHeader"
    ]
  },
  "text": {
    "status": "generated",
    "div": "<div xmlns=\"http://www.w3.org/1999/xhtml\"><p><b>Generated Narrative</b></p><p><b>event</b>: <span title=\"{http://medcomfhir.dk/fhir/core/1.0/CodeSystem/medcom-messaging-eventCodes care-communication-message}\">Care Communication Message</span></p><h3>Destinations</h3><table class=\"grid\"><tr><td>-</td><td><b>Extension</b></td><td><b>Endpoint</b></td><td><b>Receiver</b></td></tr><tr><td>*</td><td></td><td><a href=\"http://medcomfhir.dk/unknown\">http://medcomfhir.dk/unknown</a></td><td><a href=\"Organization-MessageReceiver.html\">Generated Summary: id: 543210987654321, id: 3210987654321; name: Receiver Organization</a></td></tr></table><p><b>sender</b>: <a href=\"Organization-MessageSender.html\">Generated Summary: id: 123456789012345, id: 1234567890123; name: Sender Organization</a></p><h3>Sources</h3><table class=\"grid\"><tr><td>-</td><td><b>Endpoint</b></td></tr><tr><td>*</td><td><a href=\"http://medcomfhir.dk/unknown\">http://medcomfhir.dk/unknown</a></td></tr></table><p><b>focus</b>: <a href=\"Communication-CareCommunicationContent.html\">Generated Summary: status: unknown; <span title=\"Codes: {http://medcomfhir.dk/fhir/core/1.0/CodeSystem/medcom-careCommunication-categoryCodes carecoordination}\">Care Coordination</span>; sent: 28. sep. 2020 14.34.56</a></p></div>"
  },
  "eventCoding": {
    "system": "http://medcomfhir.dk/fhir/core/1.0/CodeSystem/medcom-messaging-eventCodes",
    "code": "care-communication-message"
  },
  "destination": [
    {
      "extension": [
        {
          "url": "http://medcomfhir.dk/fhir/core/1.0/StructureDefinition/medcom-messaging-destinationUseExtension",
          "valueCoding": {
            "system": "http://medcomfhir.dk/fhir/core/1.0/CodeSystem/medcom-messaging-destinationUse",
            "code": "primary"
          }
        }
      ],
      "endpoint": "http://medcomfhir.dk/unknown",
      "receiver": {
        "reference": "Organization/MessageReceiver"
      }
    }
  ],
  "sender": {
    "reference": "Organization/MessageSender"
  },
  "source": {
    "endpoint": "http://medcomfhir.dk/unknown"
  },
  "focus": [
    {
      "reference": "Communication/CareCommunicationContent"
    }
  ]
}