{
  "resourceType": "Organization",
  "id": "MessageReceiver",
  "meta": {
    "profile": [
      "http://medcomfhir.dk/fhir/core/1.0/StructureDefinition/medcom-messaging-organization"
    ]
  },
  "text": {
    "status": "generated",
    "div": "<div xmlns=\"http://www.w3.org/1999/xhtml\"><p><b>Generated Narrative</b></p><p><b>identifier</b>: id: 543210987654321, id: 3210987654321</p><p><b>name</b>: Receiver Organization</p></div>"
  },
  "identifier": [
    {
      "system": "urn:oid:1.2.208.176.1.1",
      "value": "543210987654321"
    },
    {
      "system": "urn:oid:1.3.88",
      "value": "3210987654321"
    }
  ],
  "name": "Receiver Organization"
}