{
  "resourceType": "Organization",
  "id": "MessageSender",
  "meta": {
    "profile": [
      "http://medcomfhir.dk/fhir/core/1.0/StructureDefinition/medcom-messaging-organization"
    ]
  },
  "text": {
    "status": "generated",
    "div": "<div xmlns=\"http://www.w3.org/1999/xhtml\"><p><b>Generated Narrative</b></p><p><b>identifier</b>: id: 123456789012345, id: 1234567890123</p><p><b>name</b>: Sender Organization</p></div>"
  },
  "identifier": [
    {
      "system": "urn:oid:1.2.208.176.1.1",
      "value": "123456789012345"
    },
    {
      "system": "urn:oid:1.3.88",
      "value": "1234567890123"
    }
  ],
  "name": "Sender Organization"
}