{
  "resourceType": "Patient",
  "id": "733cef33-3626-422b-955d-d506aaa65fe1",
  "meta": {
    "profile": [
      "http://medcomfhir.dk/fhir/core/1.0/StructureDefinition/medcom-core-patient"
    ]
  },
  "text": {
    "status": "generated",
    "div": "<div xmlns=\"http://www.w3.org/1999/xhtml\"><p><b>Generated Narrative</b></p><p><b>identifier</b>: id: 0102030405</p><p><b>name</b>: Eric Flame (OFFICIAL)</p><p><b>telecom</b>: ph: 12345678</p><p><b>address</b>: Flammesvinget 1 Aarhus 8000 C </p><p><b>managingOrganization</b>: <a href=\"Organization-BurnCenter.html\">Generated Summary: id: 123456789012345 (OFFICIAL); name: Aros Burn Center</a></p></div>"
  },
  "identifier": [
    {
      "system": "urn:oid:1.2.208.176.1.2",
      "value": "0102030405"
    }
  ],
  "name": [
    {
      "use": "official",
      "family": "Flame",
      "given": [
        "Eric"
      ]
    }
  ],
  "telecom": [
    {
      "system": "phone",
      "value": "12345678"
    }
  ],
  "address": [
    {
      "line": [
        "Flammesvinget 1"
      ],
      "city": "Aarhus",
      "postalCode": "8000 C"
    }
  ],
  "managingOrganization": {
    "reference": "Organization/BurnCenter"
  }
}