{"resourceType":"CodeSystem","id":"medcom-messaging-activityCodes","text":{"status":"generated","div":"<div xmlns=\"http://www.w3.org/1999/xhtml\"><p>This code system http://medcomfhir.dk/fhir/core/1.0/CodeSystem/medcom-messaging-activityCodes defines the following codes:</p><table class=\"codes\"><tr><td style=\"white-space:nowrap\"><b>Code</b></td><td><b>Display</b></td></tr><tr><td style=\"white-space:nowrap\">new-message<a name=\"medcom-messaging-activityCodes-new-message\"> </a></td><td>A new message has been sent</td></tr><tr><td style=\"white-space:nowrap\">forward-message<a name=\"medcom-messaging-activityCodes-forward-message\"> </a></td><td>A message has been forwarded and potentially changed</td></tr><tr><td style=\"white-space:nowrap\">reply-message<a name=\"medcom-messaging-activityCodes-reply-message\"> </a></td><td>A message has been replied to</td></tr><tr><td style=\"white-space:nowrap\">retract-message<a name=\"medcom-messaging-activityCodes-retract-message\"> </a></td><td>A message has been retracted/cancelled</td></tr><tr><td style=\"white-space:nowrap\">admit-emergency<a name=\"medcom-messaging-activityCodes-admit-emergency\"> </a></td><td>Start hospital stay-acute ambulant</td></tr><tr><td style=\"white-space:nowrap\">revise-admit-emergency<a name=\"medcom-messaging-activityCodes-revise-admit-emergency\"> </a></td><td>Update of Start hospital stay-acute ambulant</td></tr><tr><td style=\"white-space:nowrap\">cancel-admit-emergency<a name=\"medcom-messaging-activityCodes-cancel-admit-emergency\"> </a></td><td>Cancellation of start hospital stay-acute ambulant</td></tr><tr><td style=\"white-space:nowrap\">admit-inpatient<a name=\"medcom-messaging-activityCodes-admit-inpatient\"> </a></td><td>Start hospital stay-admission</td></tr><tr><td style=\"white-space:nowrap\">revise-admit-inpatient<a name=\"medcom-messaging-activityCodes-revise-admit-inpatient\"> </a></td><td>Update of start hospital stay-admission</td></tr><tr><td style=\"white-space:nowrap\">cancel-admit-inpatient<a name=\"medcom-messaging-activityCodes-cancel-admit-inpatient\"> </a></td><td>Cancellation of start hospital stay-admission</td></tr><tr><td style=\"white-space:nowrap\">start-leave-inpatient<a name=\"medcom-messaging-activityCodes-start-leave-inpatient\"> </a></td><td>Start leave</td></tr><tr><td style=\"white-space:nowrap\">revise-start-leave-inpatient<a name=\"medcom-messaging-activityCodes-revise-start-leave-inpatient\"> </a></td><td>Update of Start leave</td></tr><tr><td style=\"white-space:nowrap\">cancel-start-leave-inpatient<a name=\"medcom-messaging-activityCodes-cancel-start-leave-inpatient\"> </a></td><td>Cancellation of Start leave</td></tr><tr><td style=\"white-space:nowrap\">end-leave-inpatient<a name=\"medcom-messaging-activityCodes-end-leave-inpatient\"> </a></td><td>End leave</td></tr><tr><td style=\"white-space:nowrap\">revise-end-leave-inpatient<a name=\"medcom-messaging-activityCodes-revise-end-leave-inpatient\"> </a></td><td>Update of End leave</td></tr><tr><td style=\"white-space:nowrap\">cancel-end-leave-inpatient<a name=\"medcom-messaging-activityCodes-cancel-end-leave-inpatient\"> </a></td><td>Cancellation of End leave</td></tr><tr><td style=\"white-space:nowrap\">discharge-emergency-home<a name=\"medcom-messaging-activityCodes-discharge-emergency-home\"> </a></td><td>End hospital Stay - patient discharged to home/primary sector</td></tr><tr><td style=\"white-space:nowrap\">discharge-inpatient-home<a name=\"medcom-messaging-activityCodes-discharge-inpatient-home\"> </a></td><td>End hospital Stay - patient discharged to home/primary sector</td></tr><tr><td style=\"white-space:nowrap\">revise-discharge-emergency-home<a name=\"medcom-messaging-activityCodes-revise-discharge-emergency-home\"> </a></td><td>Update of End hospital Stay</td></tr><tr><td style=\"white-space:nowrap\">revise-discharge-inpatient-home<a name=\"medcom-messaging-activityCodes-revise-discharge-inpatient-home\"> </a></td><td>Update of End hospital Stay</td></tr><tr><td style=\"white-space:nowrap\">cancel-discharge-emergency-home<a name=\"medcom-messaging-activityCodes-cancel-discharge-emergency-home\"> </a></td><td>Cancellation of End hospital Stay</td></tr><tr><td style=\"white-space:nowrap\">cancel-discharge-inpatient-home<a name=\"medcom-messaging-activityCodes-cancel-discharge-inpatient-home\"> </a></td><td>Cancellation of End hospital Stay</td></tr><tr><td style=\"white-space:nowrap\">discharge-emergency-other<a name=\"medcom-messaging-activityCodes-discharge-emergency-other\"> </a></td><td>End hospital Stay - patient discharged other than to home/primary sector</td></tr><tr><td style=\"white-space:nowrap\">discharge-inpatient-other<a name=\"medcom-messaging-activityCodes-discharge-inpatient-other\"> </a></td><td>End hospital Stay - patient discharged other than to home/primary sector</td></tr><tr><td style=\"white-space:nowrap\">revise-discharge-emergency-other<a name=\"medcom-messaging-activityCodes-revise-discharge-emergency-other\"> </a></td><td>Update of End hospital Stay</td></tr><tr><td style=\"white-space:nowrap\">revise-discharge-inpatient-other<a name=\"medcom-messaging-activityCodes-revise-discharge-inpatient-other\"> </a></td><td>Update of End hospital Stay</td></tr><tr><td style=\"white-space:nowrap\">cancel-discharge-emergency-other<a name=\"medcom-messaging-activityCodes-cancel-discharge-emergency-other\"> </a></td><td>Cancellation of End hospital Stay</td></tr><tr><td style=\"white-space:nowrap\">cancel-discharge-inpatient-other<a name=\"medcom-messaging-activityCodes-cancel-discharge-inpatient-other\"> </a></td><td>Cancellation of End hospital Stay</td></tr></table></div>"},"url":"http://medcomfhir.dk/fhir/core/1.0/CodeSystem/medcom-messaging-activityCodes","version":"1.0","name":"MedComMessageActivityCodes","title":"MedCom Message Activity Codes","status":"active","date":"2021-01-22T10:15:14+01:00","publisher":"MedCom","contact":[{"name":"MedCom","telecom":[{"system":"url","value":"http://www.medcom.dk"}]}],"description":"Activity codes for MedCom messages","jurisdiction":[{"coding":[{"system":"urn:iso:std:iso:3166","code":"DK","display":"Denmark"}]}],"content":"complete","count":28,"concept":[{"code":"new-message","display":"A new message has been sent"},{"code":"forward-message","display":"A message has been forwarded and potentially changed"},{"code":"reply-message","display":"A message has been replied to"},{"code":"retract-message","display":"A message has been retracted/cancelled"},{"code":"admit-emergency","display":"Start hospital stay-acute ambulant"},{"code":"revise-admit-emergency","display":"Update of Start hospital stay-acute ambulant"},{"code":"cancel-admit-emergency","display":"Cancellation of start hospital stay-acute ambulant"},{"code":"admit-inpatient","display":"Start hospital stay-admission"},{"code":"revise-admit-inpatient","display":"Update of start hospital stay-admission"},{"code":"cancel-admit-inpatient","display":"Cancellation of start hospital stay-admission"},{"code":"start-leave-inpatient","display":"Start leave"},{"code":"revise-start-leave-inpatient","display":"Update of Start leave"},{"code":"cancel-start-leave-inpatient","display":"Cancellation of Start leave"},{"code":"end-leave-inpatient","display":"End leave"},{"code":"revise-end-leave-inpatient","display":"Update of End leave"},{"code":"cancel-end-leave-inpatient","display":"Cancellation of End leave"},{"code":"discharge-emergency-home","display":"End hospital Stay - patient discharged to home/primary sector"},{"code":"discharge-inpatient-home","display":"End hospital Stay - patient discharged to home/primary sector"},{"code":"revise-discharge-emergency-home","display":"Update of End hospital Stay"},{"code":"revise-discharge-inpatient-home","display":"Update of End hospital Stay"},{"code":"cancel-discharge-emergency-home","display":"Cancellation of End hospital Stay"},{"code":"cancel-discharge-inpatient-home","display":"Cancellation of End hospital Stay"},{"code":"discharge-emergency-other","display":"End hospital Stay - patient discharged other than to home/primary sector"},{"code":"discharge-inpatient-other","display":"End hospital Stay - patient discharged other than to home/primary sector"},{"code":"revise-discharge-emergency-other","display":"Update of End hospital Stay"},{"code":"revise-discharge-inpatient-other","display":"Update of End hospital Stay"},{"code":"cancel-discharge-emergency-other","display":"Cancellation of End hospital Stay"},{"code":"cancel-discharge-inpatient-other","display":"Cancellation of End hospital Stay"}]}