{"resourceType":"ImplementationGuide","id":"dk.fhir.ig.medcom-core","text":{"status":"extensions","div":"<div xmlns=\"http://www.w3.org/1999/xhtml\"><h2>MedComCore</h2><p>The official URL for this implementation guide is: </p><pre>http://medcomfhir.dk/fhir/core/1.0/ImplementationGuide/dk.fhir.ig.medcom-core</pre><div><p>The DK MedCom Core IG</p>\n</div></div>"},"url":"http://medcomfhir.dk/fhir/core/1.0/ImplementationGuide/dk.fhir.ig.medcom-core","version":"1.0","name":"MedComCore","title":"DK MedCom Core","status":"active","date":"2021-01-22T10:15:14+01:00","publisher":"MedCom","contact":[{"name":"MedCom","telecom":[{"system":"url","value":"http://www.medcom.dk"}]}],"description":"The DK MedCom Core IG","jurisdiction":[{"coding":[{"system":"urn:iso:std:iso:3166","code":"DK","display":"Denmark"}]}],"packageId":"dk.fhir.ig.medcom-core","license":"CC0-1.0","fhirVersion":["4.0.1"],"dependsOn":[{"id":"dk_fhir_ig_dk_core","uri":"http://hl7.dk/fhir/core/ImplementationGuide/dk.fhir.ig.dk-core","packageId":"dk.fhir.ig.dk-core","version":"current"}],"definition":{"extension":[{"extension":[{"url":"code","valueString":"copyrightyear"},{"url":"value","valueString":"2021+"}],"url":"http://hl7.org/fhir/tools/StructureDefinition/ig-parameter"},{"extension":[{"url":"code","valueString":"releaselabel"},{"url":"value","valueString":"Build CI"}],"url":"http://hl7.org/fhir/tools/StructureDefinition/ig-parameter"},{"extension":[{"url":"code","valueString":"apply-contact"},{"url":"value","valueString":"true"}],"url":"http://hl7.org/fhir/tools/StructureDefinition/ig-parameter"},{"extension":[{"url":"code","valueString":"apply-juristiction"},{"url":"value","valueString":"true"}],"url":"http://hl7.org/fhir/tools/StructureDefinition/ig-parameter"},{"extension":[{"url":"code","valueString":"apply-publisher"},{"url":"value","valueString":"true"}],"url":"http://hl7.org/fhir/tools/StructureDefinition/ig-parameter"},{"extension":[{"url":"code","valueString":"autoload-resources"},{"url":"value","valueString":"true"}],"url":"http://hl7.org/fhir/tools/StructureDefinition/ig-parameter"},{"extension":[{"url":"code","valueString":"path-liquid"},{"url":"value","valueString":"template/liquid"}],"url":"http://hl7.org/fhir/tools/StructureDefinition/ig-parameter"},{"extension":[{"url":"code","valueString":"path-liquid"},{"url":"value","valueString":"input/liquid"}],"url":"http://hl7.org/fhir/tools/StructureDefinition/ig-parameter"},{"extension":[{"url":"code","valueString":"path-qa"},{"url":"value","valueString":"temp/qa"}],"url":"http://hl7.org/fhir/tools/StructureDefinition/ig-parameter"},{"extension":[{"url":"code","valueString":"path-temp"},{"url":"value","valueString":"temp/pages"}],"url":"http://hl7.org/fhir/tools/StructureDefinition/ig-parameter"},{"extension":[{"url":"code","valueString":"path-output"},{"url":"value","valueString":"output"}],"url":"http://hl7.org/fhir/tools/StructureDefinition/ig-parameter"},{"extension":[{"url":"code","valueString":"path-suppressed-warnings"},{"url":"value","valueString":"input/ignoreWarnings.txt"}],"url":"http://hl7.org/fhir/tools/StructureDefinition/ig-parameter"},{"extension":[{"url":"code","valueString":"path-history"},{"url":"value","valueString":"http://medcomfhir.dk/fhir/core/1.0/history.html"}],"url":"http://hl7.org/fhir/tools/StructureDefinition/ig-parameter"},{"extension":[{"url":"code","valueString":"template-html"},{"url":"value","valueString":"template-page.html"}],"url":"http://hl7.org/fhir/tools/StructureDefinition/ig-parameter"},{"extension":[{"url":"code","valueString":"template-md"},{"url":"value","valueString":"template-page-md.html"}],"url":"http://hl7.org/fhir/tools/StructureDefinition/ig-parameter"},{"extension":[{"url":"code","valueString":"apply-context"},{"url":"value","valueString":"true"}],"url":"http://hl7.org/fhir/tools/StructureDefinition/ig-parameter"},{"extension":[{"url":"code","valueString":"apply-copyright"},{"url":"value","valueString":"true"}],"url":"http://hl7.org/fhir/tools/StructureDefinition/ig-parameter"},{"extension":[{"url":"code","valueString":"apply-jurisdiction"},{"url":"value","valueString":"true"}],"url":"http://hl7.org/fhir/tools/StructureDefinition/ig-parameter"},{"extension":[{"url":"code","valueString":"apply-license"},{"url":"value","valueString":"true"}],"url":"http://hl7.org/fhir/tools/StructureDefinition/ig-parameter"},{"extension":[{"url":"code","valueString":"apply-version"},{"url":"value","valueString":"true"}],"url":"http://hl7.org/fhir/tools/StructureDefinition/ig-parameter"},{"extension":[{"url":"code","valueString":"active-tables"},{"url":"value","valueString":"true"}],"url":"http://hl7.org/fhir/tools/StructureDefinition/ig-parameter"}],"grouping":[{"id":"_str_profile","name":"Structures: Resource Profiles","description":"These define constraints on FHIR resources for systems conforming to this implementation guide"},{"id":"_str_datatype","name":"Structures: Data Type Profiles","description":"These define constraints on FHIR data types for systems conforming to this implementation guide"},{"id":"_str_extension","name":"Structures: Extension Definitions","description":"These define constraints on FHIR data types for systems conforming to this implementation guide"},{"id":"_term_valueset","name":"Terminology: Value Sets","description":"These define sets of codes used by systems conforming to this implementation guide"},{"id":"_term_codesystem","name":"Terminology: Code Systems","description":"These define new code systems used by systems conforming to this implementation guide"},{"id":"_ex_example","name":"Example: Example Instances","description":"These are example instances that show what data produced and consumed by systems conforming with this implementation guide might look like"}],"resource":[{"extension":[{"url":"http://hl7.org/fhir/StructureDefinition/implementationguide-page","valueUri":"StructureDefinition-medcom-careCommunication-communication.html"}],"reference":{"reference":"StructureDefinition/medcom-careCommunication-communication"},"name":"MedComCareCommunication","description":"Care related communication between two or more parties in Danish healthcare","exampleBoolean":false,"groupingId":"_str_profile"},{"extension":[{"url":"http://hl7.org/fhir/StructureDefinition/implementationguide-page","valueUri":"StructureDefinition-medcom-careCommunication-message.html"}],"reference":{"reference":"StructureDefinition/medcom-careCommunication-message"},"name":"MedComCareCommunicationMessage","description":"Message for communication care related information between parties in Danish Health Care using MedCom Standards","exampleBoolean":false,"groupingId":"_str_profile"},{"extension":[{"url":"http://hl7.org/fhir/StructureDefinition/implementationguide-page","valueUri":"StructureDefinition-medcom-careCommunication-messageHeader.html"}],"reference":{"reference":"StructureDefinition/medcom-careCommunication-messageHeader"},"name":"MedComCareCommunicationMessageHeader","description":"Message header for care communication message","exampleBoolean":false,"groupingId":"_str_profile"},{"extension":[{"url":"http://hl7.org/fhir/StructureDefinition/implementationguide-page","valueUri":"StructureDefinition-medcom-core-eanIdentifier.html"}],"reference":{"reference":"StructureDefinition/medcom-core-eanIdentifier"},"name":"MedComCoreEANIdentifier","description":"EAN identifier issued by MedCom","exampleBoolean":false,"groupingId":"_str_datatype"},{"extension":[{"url":"http://hl7.org/fhir/StructureDefinition/implementationguide-page","valueUri":"StructureDefinition-medcom-core-encounter.html"}],"reference":{"reference":"StructureDefinition/medcom-core-encounter"},"name":"MedComCoreEncounter","description":"An interaction between a patient/citizen and healthcare provider(s) for the purpose of providing healthcare service(s) or assessing the health status of a patient/citizen.","exampleBoolean":false,"groupingId":"_str_profile"},{"extension":[{"url":"http://hl7.org/fhir/StructureDefinition/implementationguide-page","valueUri":"StructureDefinition-medcom-core-lpr3Encounter.html"}],"reference":{"reference":"StructureDefinition/medcom-core-lpr3Encounter"},"name":"MedComCoreLpr3Encounter","description":"Encounter which is part of an episode of care reported to the Danish National Patient Registry","exampleBoolean":false,"groupingId":"_str_profile"},{"extension":[{"url":"http://hl7.org/fhir/StructureDefinition/implementationguide-page","valueUri":"StructureDefinition-medcom-core-organization.html"}],"reference":{"reference":"StructureDefinition/medcom-core-organization"},"name":"MedComCoreOrganization","description":"A formally recognized organizations within danish healthcare, registered with a SOR identifier issued by The Danish Health Data Authority","exampleBoolean":false,"groupingId":"_str_profile"},{"extension":[{"url":"http://hl7.org/fhir/StructureDefinition/implementationguide-page","valueUri":"StructureDefinition-medcom-core-patient.html"}],"reference":{"reference":"StructureDefinition/medcom-core-patient"},"name":"MedComCorePatient","description":"Patient/citizen resource to use as subject in MedCom communication","exampleBoolean":false,"groupingId":"_str_profile"},{"extension":[{"url":"http://hl7.org/fhir/StructureDefinition/implementationguide-page","valueUri":"StructureDefinition-medcom-hospitalNotification-encounter.html"}],"reference":{"reference":"StructureDefinition/medcom-hospitalNotification-encounter"},"name":"MedComHospitalNotificationEncounter","description":"Encounter derivation that handles hospital notification when a patient is admitted to a hospital. The hospital notification is always send from a hospital. The receiver of the message is the patients home municipalicy. The hospital notification is send for example when patient is admitted, on leave, returned from leave, finished hospital stay.","exampleBoolean":false,"groupingId":"_str_profile"},{"extension":[{"url":"http://hl7.org/fhir/StructureDefinition/implementationguide-page","valueUri":"StructureDefinition-medcom-hospitalNotification-message.html"}],"reference":{"reference":"StructureDefinition/medcom-hospitalNotification-message"},"name":"MedComHospitalNotificationMessage","description":"A message for a Hospital Notification. The message is triggered as patients are admitted, onleave or has finished a hospital stay in order to notify the relevant Municipalicy home care","exampleBoolean":false,"groupingId":"_str_profile"},{"extension":[{"url":"http://hl7.org/fhir/StructureDefinition/implementationguide-page","valueUri":"StructureDefinition-medcom-hospitalNotification-messageHeader.html"}],"reference":{"reference":"StructureDefinition/medcom-hospitalNotification-messageHeader"},"name":"MedComHospitalNotificationMessageHeader","description":"Message header for a hospital notification message.","exampleBoolean":false,"groupingId":"_str_profile"},{"extension":[{"url":"http://hl7.org/fhir/StructureDefinition/implementationguide-page","valueUri":"StructureDefinition-medcom-messaging-acknowledgement.html"}],"reference":{"reference":"StructureDefinition/medcom-messaging-acknowledgement"},"name":"MedComMessagingAcknowledgement","description":"Base resource for all MedCom Acknowledgement messages.","exampleBoolean":false,"groupingId":"_str_profile"},{"extension":[{"url":"http://hl7.org/fhir/StructureDefinition/implementationguide-page","valueUri":"StructureDefinition-medcom-messaging-acknowledgementHeader.html"}],"reference":{"reference":"StructureDefinition/medcom-messaging-acknowledgementHeader"},"name":"MedComMessagingAcknowledgementHeader","description":"A resource that describes a reponse to a message that is exchanged as a MedCom messgage within danish healthcare","exampleBoolean":false,"groupingId":"_str_profile"},{"extension":[{"url":"http://hl7.org/fhir/StructureDefinition/implementationguide-page","valueUri":"StructureDefinition-medcom-messaging-message.html"}],"reference":{"reference":"StructureDefinition/medcom-messaging-message"},"name":"MedComMessagingMessage","description":"Base resource for all MedCom messages.","exampleBoolean":false,"groupingId":"_str_profile"},{"extension":[{"url":"http://hl7.org/fhir/StructureDefinition/implementationguide-page","valueUri":"StructureDefinition-medcom-messaging-messageHeader.html"}],"reference":{"reference":"StructureDefinition/medcom-messaging-messageHeader"},"name":"MedComMessagingMessageHeader","description":"Message Header for MedCom message bundles","exampleBoolean":false,"groupingId":"_str_profile"},{"extension":[{"url":"http://hl7.org/fhir/StructureDefinition/implementationguide-page","valueUri":"StructureDefinition-medcom-messaging-organization.html"}],"reference":{"reference":"StructureDefinition/medcom-messaging-organization"},"name":"MedComMessagingOrganization","description":"A formally recognized organizations registered for exchanging messages within danish healthcare, registered with a EAN identifier issued by MedCom","exampleBoolean":false,"groupingId":"_str_profile"},{"extension":[{"url":"http://hl7.org/fhir/StructureDefinition/implementationguide-page","valueUri":"StructureDefinition-medcom-messaging-provenance.html"}],"reference":{"reference":"StructureDefinition/medcom-messaging-provenance"},"name":"MedComMessagingProvenance","description":"Provenance information about the messages preceeding the current message","exampleBoolean":false,"groupingId":"_str_profile"},{"extension":[{"url":"http://hl7.org/fhir/StructureDefinition/implementationguide-page","valueUri":"StructureDefinition-medcom-core-author-extension.html"}],"reference":{"reference":"StructureDefinition/medcom-core-author-extension"},"name":"Payload Author Extension","description":"Reference to author of this payload","exampleBoolean":false,"groupingId":"_str_extension"},{"extension":[{"url":"http://hl7.org/fhir/StructureDefinition/implementationguide-page","valueUri":"StructureDefinition-medcom-core-datetime-extension.html"}],"reference":{"reference":"StructureDefinition/medcom-core-datetime-extension"},"name":"Payload DateTime Extension","description":"Date and time of this payload","exampleBoolean":false,"groupingId":"_str_extension"},{"extension":[{"url":"http://hl7.org/fhir/StructureDefinition/implementationguide-page","valueUri":"StructureDefinition-medcom-messaging-reportOfAdmissionExtension.html"}],"reference":{"reference":"StructureDefinition/medcom-messaging-reportOfAdmissionExtension"},"name":"MedCom Report of Admission Extension","description":"Indicates whether the recipient should send a report of admission","exampleBoolean":false,"groupingId":"_str_extension"},{"extension":[{"url":"http://hl7.org/fhir/StructureDefinition/implementationguide-page","valueUri":"StructureDefinition-medcom-messaging-destinationUseExtension.html"}],"reference":{"reference":"StructureDefinition/medcom-messaging-destinationUseExtension"},"name":"MedCom Destination Use Extension","description":"Indicates whether the use of a destination in a MedCom message header is as a primary or a carbon copy recipient of the message","exampleBoolean":false,"groupingId":"_str_extension"},{"extension":[{"url":"http://hl7.org/fhir/StructureDefinition/implementationguide-page","valueUri":"ValueSet-medcom-careCommunication-categories.html"}],"reference":{"reference":"ValueSet/medcom-careCommunication-categories"},"name":"MedCom Care Communication Category Codes","description":"ValueSet containing category codes for care communication messages","exampleBoolean":false,"groupingId":"_term_valueset"},{"extension":[{"url":"http://hl7.org/fhir/StructureDefinition/implementationguide-page","valueUri":"ValueSet-medcom-careCommunication-messagingActivities.html"}],"reference":{"reference":"ValueSet/medcom-careCommunication-messagingActivities"},"name":"MedCom Care Communication Message Activity Codes","description":"ValueSet containg activity codes for care communication messages","exampleBoolean":false,"groupingId":"_term_valueset"},{"extension":[{"url":"http://hl7.org/fhir/StructureDefinition/implementationguide-page","valueUri":"ValueSet-medcom-careCommunication-requestPriority.html"}],"reference":{"reference":"ValueSet/medcom-careCommunication-requestPriority"},"name":"MedCom Care Request Priority Codes","description":"ValueSet containg priority codes for care communication messages","exampleBoolean":false,"groupingId":"_term_valueset"},{"extension":[{"url":"http://hl7.org/fhir/StructureDefinition/implementationguide-page","valueUri":"ValueSet-medcom-core-attachmentMimeTypes.html"}],"reference":{"reference":"ValueSet/medcom-core-attachmentMimeTypes"},"name":"MedCom Attachment MimeTypes","description":"ValueSet containing allowed mime types for MedCom messages","exampleBoolean":false,"groupingId":"_term_valueset"},{"extension":[{"url":"http://hl7.org/fhir/StructureDefinition/implementationguide-page","valueUri":"ValueSet-medcom-core-encounterClass.html"}],"reference":{"reference":"ValueSet/medcom-core-encounterClass"},"name":"MedCom Core Encounter Class Codes","description":"ValueSet containg class codes for MedCom core encounter","exampleBoolean":false,"groupingId":"_term_valueset"},{"extension":[{"url":"http://hl7.org/fhir/StructureDefinition/implementationguide-page","valueUri":"ValueSet-medcom-hospitalNotification-encounterClass.html"}],"reference":{"reference":"ValueSet/medcom-hospitalNotification-encounterClass"},"name":"MedCom hospital notification encounter class Codes","description":"ValueSet containg class codes for hospital notification encounter","exampleBoolean":false,"groupingId":"_term_valueset"},{"extension":[{"url":"http://hl7.org/fhir/StructureDefinition/implementationguide-page","valueUri":"ValueSet-medcom-hospitalNotification-encounterstatus.html"}],"reference":{"reference":"ValueSet/medcom-hospitalNotification-encounterstatus"},"name":"MedCom hospital notification encounter status Codes","description":"ValueSet containing status codes for hospital notification encounter","exampleBoolean":false,"groupingId":"_term_valueset"},{"extension":[{"url":"http://hl7.org/fhir/StructureDefinition/implementationguide-page","valueUri":"ValueSet-medcom-hospitalNotification-messageActivities.html"}],"reference":{"reference":"ValueSet/medcom-hospitalNotification-messageActivities"},"name":"MedCom Hospital Notification Message Activity Codes","description":"ValueSet containg activity codes for hospital notification messages","exampleBoolean":false,"groupingId":"_term_valueset"},{"extension":[{"url":"http://hl7.org/fhir/StructureDefinition/implementationguide-page","valueUri":"ValueSet-medcom-messaging-messageTypes.html"}],"reference":{"reference":"ValueSet/medcom-messaging-messageTypes"},"name":"MedCom Messaging Message Types","description":"All message types for MedCom messages","exampleBoolean":false,"groupingId":"_term_valueset"},{"extension":[{"url":"http://hl7.org/fhir/StructureDefinition/implementationguide-page","valueUri":"ValueSet-medcom-messaging-vans-statisticalCode-combinations.html"}],"reference":{"reference":"ValueSet/medcom-messaging-vans-statisticalCode-combinations"},"name":"MedCom Messaging Vans StatisticalCode Combinations","description":"MedCom Messaging Vans StatisticalCode Combinations","exampleBoolean":false,"groupingId":"_term_valueset"},{"extension":[{"url":"http://hl7.org/fhir/StructureDefinition/implementationguide-page","valueUri":"CodeSystem-medcom-careCommunication-categoryCodes.html"}],"reference":{"reference":"CodeSystem/medcom-careCommunication-categoryCodes"},"name":"MedCom Care Communication Categories","description":"Category codes for care communication messages","exampleBoolean":false,"groupingId":"_term_codesystem"},{"extension":[{"url":"http://hl7.org/fhir/StructureDefinition/implementationguide-page","valueUri":"CodeSystem-medcom-core-encounterActCodes.html"}],"reference":{"reference":"CodeSystem/medcom-core-encounterActCodes"},"name":"MedCom Encounter Act Codes","description":"Codes added to encounter class value set for MedCom messages","exampleBoolean":false,"groupingId":"_term_codesystem"},{"extension":[{"url":"http://hl7.org/fhir/StructureDefinition/implementationguide-page","valueUri":"CodeSystem-medcom-messaging-activityCodes.html"}],"reference":{"reference":"CodeSystem/medcom-messaging-activityCodes"},"name":"MedCom Message Activity Codes","description":"Activity codes for MedCom messages","exampleBoolean":false,"groupingId":"_term_codesystem"},{"extension":[{"url":"http://hl7.org/fhir/StructureDefinition/implementationguide-page","valueUri":"CodeSystem-medcom-messaging-eventCodes.html"}],"reference":{"reference":"CodeSystem/medcom-messaging-eventCodes"},"name":"MedCom Message Events","description":"Message events for MedCom messages","exampleBoolean":false,"groupingId":"_term_codesystem"},{"extension":[{"url":"http://hl7.org/fhir/StructureDefinition/implementationguide-page","valueUri":"CodeSystem-medcom-messaging-destinationUse.html"}],"reference":{"reference":"CodeSystem/medcom-messaging-destinationUse"},"name":"MedCom Messaging Destination Use","description":"Codes indicatin whether the use of a destination in a MedCom message header is as a primary or a carbon copy recipient of the message","exampleBoolean":false,"groupingId":"_term_codesystem"},{"extension":[{"url":"http://hl7.org/fhir/StructureDefinition/implementationguide-page","valueUri":"CodeSystem-medcom-messaging-statisticalCodes.html"}],"reference":{"reference":"CodeSystem/medcom-messaging-statisticalCodes"},"name":"MedCom Messaging Statistical Codes","description":"Statistical Codes for MedCom VANS messages","exampleBoolean":false,"groupingId":"_term_codesystem"},{"extension":[{"url":"http://hl7.org/fhir/StructureDefinition/implementationguide-page","valueUri":"Patient-382fb8a3-6725-41e2-a615-2b1cfcfe9931.html"}],"reference":{"reference":"Patient/382fb8a3-6725-41e2-a615-2b1cfcfe9931"},"name":"Erik Clausen","description":"Patient deceased with a managing organization. Valid only if used in a bundle (message).","exampleCanonical":"http://medcomfhir.dk/fhir/core/1.0/StructureDefinition/medcom-core-patient","groupingId":"_ex_example"},{"extension":[{"url":"http://hl7.org/fhir/StructureDefinition/implementationguide-page","valueUri":"Patient-5b72c625-0570-4111-b272-f0351344f8b6.html"}],"reference":{"reference":"Patient/5b72c625-0570-4111-b272-f0351344f8b6"},"name":"Erik Clausen","description":"Patient not deceased with a managing organization. Valid only if used in a bundle (message).","exampleCanonical":"http://medcomfhir.dk/fhir/core/1.0/StructureDefinition/medcom-core-patient","groupingId":"_ex_example"},{"extension":[{"url":"http://hl7.org/fhir/StructureDefinition/implementationguide-page","valueUri":"Patient-733cef33-3626-422b-955d-d506aaa65fe1.html"}],"reference":{"reference":"Patient/733cef33-3626-422b-955d-d506aaa65fe1"},"name":"Eric Flame","description":"Patient with a managing organization. Valid only if used in a bundle (message).","exampleCanonical":"http://medcomfhir.dk/fhir/core/1.0/StructureDefinition/medcom-core-patient","groupingId":"_ex_example"},{"extension":[{"url":"http://hl7.org/fhir/StructureDefinition/implementationguide-page","valueUri":"Bundle-AcknowledgementExample.html"}],"reference":{"reference":"Bundle/AcknowledgementExample"},"name":"AcknowledgementExample","description":"Example of a Acknowledgement message.","exampleCanonical":"http://medcomfhir.dk/fhir/core/1.0/StructureDefinition/medcom-messaging-acknowledgement","groupingId":"_ex_example"},{"extension":[{"url":"http://hl7.org/fhir/StructureDefinition/implementationguide-page","valueUri":"Bundle-AcknowledgementExample-fatal-error.html"}],"reference":{"reference":"Bundle/AcknowledgementExample-fatal-error"},"name":"AcknowledgementExample-fatal-error","description":"Example of a fatal-error Acknowledgement message.","exampleCanonical":"http://medcomfhir.dk/fhir/core/1.0/StructureDefinition/medcom-messaging-acknowledgement","groupingId":"_ex_example"},{"extension":[{"url":"http://hl7.org/fhir/StructureDefinition/implementationguide-page","valueUri":"Bundle-AcknowledgementExample-ok.html"}],"reference":{"reference":"Bundle/AcknowledgementExample-ok"},"name":"AcknowledgementExample-ok","description":"Example of a ok Acknowledgement message.","exampleCanonical":"http://medcomfhir.dk/fhir/core/1.0/StructureDefinition/medcom-messaging-acknowledgement","groupingId":"_ex_example"},{"extension":[{"url":"http://hl7.org/fhir/StructureDefinition/implementationguide-page","valueUri":"MessageHeader-AcknowledgementHeaderExample.html"}],"reference":{"reference":"MessageHeader/AcknowledgementHeaderExample"},"name":"AcknowledgementHeaderExample","description":"Message header for an empty message. Valid only if used in a bundle (message).","exampleCanonical":"http://medcomfhir.dk/fhir/core/1.0/StructureDefinition/medcom-messaging-acknowledgementHeader","groupingId":"_ex_example"},{"extension":[{"url":"http://hl7.org/fhir/StructureDefinition/implementationguide-page","valueUri":"MessageHeader-AcknowledgementHeaderExample-fatal-error.html"}],"reference":{"reference":"MessageHeader/AcknowledgementHeaderExample-fatal-error"},"name":"AcknowledgementHeaderExample-fatal-error","description":"Message header for an fatal-error message","exampleCanonical":"http://medcomfhir.dk/fhir/core/1.0/StructureDefinition/medcom-messaging-acknowledgementHeader","groupingId":"_ex_example"},{"extension":[{"url":"http://hl7.org/fhir/StructureDefinition/implementationguide-page","valueUri":"MessageHeader-AcknowledgementHeaderExample-ok.html"}],"reference":{"reference":"MessageHeader/AcknowledgementHeaderExample-ok"},"name":"AcknowledgementHeaderExample-ok","description":"Message header for an ok message","exampleCanonical":"http://medcomfhir.dk/fhir/core/1.0/StructureDefinition/medcom-messaging-acknowledgementHeader","groupingId":"_ex_example"},{"extension":[{"url":"http://hl7.org/fhir/StructureDefinition/implementationguide-page","valueUri":"Organization-BurnCenter.html"}],"reference":{"reference":"Organization/BurnCenter"},"name":"Aros Burn Center","description":"A core organization with a SOR identifier.","exampleCanonical":"http://medcomfhir.dk/fhir/core/1.0/StructureDefinition/medcom-core-organization","groupingId":"_ex_example"},{"extension":[{"url":"http://hl7.org/fhir/StructureDefinition/implementationguide-page","valueUri":"Communication-CareCommunicationContent.html"}],"reference":{"reference":"Communication/CareCommunicationContent"},"name":"Example of Care Communication Content","description":"Content of care communication message. Valid only if used in a bundle (message).","exampleCanonical":"http://medcomfhir.dk/fhir/core/1.0/StructureDefinition/medcom-careCommunication-communication","groupingId":"_ex_example"},{"extension":[{"url":"http://hl7.org/fhir/StructureDefinition/implementationguide-page","valueUri":"Bundle-CareCommunicationMessageExample.html"}],"reference":{"reference":"Bundle/CareCommunicationMessageExample"},"name":"MedCom Care Communication Message Example","description":"Example of a care communication message.","exampleCanonical":"http://medcomfhir.dk/fhir/core/1.0/StructureDefinition/medcom-careCommunication-message","groupingId":"_ex_example"},{"extension":[{"url":"http://hl7.org/fhir/StructureDefinition/implementationguide-page","valueUri":"Bundle-CareCommunicationMessageForwardExample.html"}],"reference":{"reference":"Bundle/CareCommunicationMessageForwardExample"},"name":"MedCom Care Communication Forward Message Example","description":"Example of a forward of a care communication message.","exampleCanonical":"http://medcomfhir.dk/fhir/core/1.0/StructureDefinition/medcom-careCommunication-message","groupingId":"_ex_example"},{"extension":[{"url":"http://hl7.org/fhir/StructureDefinition/implementationguide-page","valueUri":"MessageHeader-CareCommunicationMessageHeader.html"}],"reference":{"reference":"MessageHeader/CareCommunicationMessageHeader"},"name":"CareCommunicationMessageHeader","description":"Message header for care communication message. Valid only if used in a bundle (message).","exampleCanonical":"http://medcomfhir.dk/fhir/core/1.0/StructureDefinition/medcom-careCommunication-messageHeader","groupingId":"_ex_example"},{"extension":[{"url":"http://hl7.org/fhir/StructureDefinition/implementationguide-page","valueUri":"Bundle-CareCommunicationMessageReplyExample.html"}],"reference":{"reference":"Bundle/CareCommunicationMessageReplyExample"},"name":"MedCom Care Communication Reply Message Example","description":"Example of a reply to a care communication message.","exampleCanonical":"http://medcomfhir.dk/fhir/core/1.0/StructureDefinition/medcom-careCommunication-message","groupingId":"_ex_example"},{"extension":[{"url":"http://hl7.org/fhir/StructureDefinition/implementationguide-page","valueUri":"Bundle-EmptyMessage.html"}],"reference":{"reference":"Bundle/EmptyMessage"},"name":"EmptyMessage","description":"Example of an emty message.","exampleCanonical":"http://medcomfhir.dk/fhir/core/1.0/StructureDefinition/medcom-messaging-message","groupingId":"_ex_example"},{"extension":[{"url":"http://hl7.org/fhir/StructureDefinition/implementationguide-page","valueUri":"Encounter-EncounterWithLPR3Identifier.html"}],"reference":{"reference":"Encounter/EncounterWithLPR3Identifier"},"name":"Encounter with LPR3 identifier","description":"Encounter with an identifier that may be a LPR3 id. Valid only if used in a bundle (message).","exampleCanonical":"http://medcomfhir.dk/fhir/core/1.0/StructureDefinition/medcom-core-lpr3Encounter","groupingId":"_ex_example"},{"extension":[{"url":"http://hl7.org/fhir/StructureDefinition/implementationguide-page","valueUri":"MessageHeader-HospitalNotificationAdmitDeceasedMessageHeader.html"}],"reference":{"reference":"MessageHeader/HospitalNotificationAdmitDeceasedMessageHeader"},"name":"HospitalNotificationAdmitDeceasedMessageHeader","description":"Message header for a hospital notification admit message when patient later is deceased. Valid only if used in a bundle (message).","exampleCanonical":"http://medcomfhir.dk/fhir/core/1.0/StructureDefinition/medcom-hospitalNotification-messageHeader","groupingId":"_ex_example"},{"extension":[{"url":"http://hl7.org/fhir/StructureDefinition/implementationguide-page","valueUri":"Provenance-HospitalNotificationAdmitProvenance.html"}],"reference":{"reference":"Provenance/HospitalNotificationAdmitProvenance"},"name":"HospitalNotificationAdmitProvenance","description":"Provenance information for a medcom Hospital Notification message. Valid only if used in a bundle (message).","exampleCanonical":"http://medcomfhir.dk/fhir/core/1.0/StructureDefinition/medcom-messaging-provenance","groupingId":"_ex_example"},{"extension":[{"url":"http://hl7.org/fhir/StructureDefinition/implementationguide-page","valueUri":"MessageHeader-HospitalNotificationAdmittedMessageHeader.html"}],"reference":{"reference":"MessageHeader/HospitalNotificationAdmittedMessageHeader"},"name":"HospitalNotificationAdmittedMessageHeader","description":"Message header for a hospital notification admit message. Valid only if used in a bundle (message).","exampleCanonical":"http://medcomfhir.dk/fhir/core/1.0/StructureDefinition/medcom-hospitalNotification-messageHeader","groupingId":"_ex_example"},{"extension":[{"url":"http://hl7.org/fhir/StructureDefinition/implementationguide-page","valueUri":"MessageHeader-HospitalNotificationDischargedDeceasedMessageHeader.html"}],"reference":{"reference":"MessageHeader/HospitalNotificationDischargedDeceasedMessageHeader"},"name":"HospitalNotificationDischargedDeceasedMessageHeader","description":"Message header for a hospital notification discharge message when patient is deceased. Valid only if used in a bundle (message).","exampleCanonical":"http://medcomfhir.dk/fhir/core/1.0/StructureDefinition/medcom-hospitalNotification-messageHeader","groupingId":"_ex_example"},{"extension":[{"url":"http://hl7.org/fhir/StructureDefinition/implementationguide-page","valueUri":"MessageHeader-HospitalNotificationDischargedMessageHeader.html"}],"reference":{"reference":"MessageHeader/HospitalNotificationDischargedMessageHeader"},"name":"HospitalNotificationDischargedMessageHeader","description":"Message header for a hospital notification discharge message. Valid only if used in a bundle (message).","exampleCanonical":"http://medcomfhir.dk/fhir/core/1.0/StructureDefinition/medcom-hospitalNotification-messageHeader","groupingId":"_ex_example"},{"extension":[{"url":"http://hl7.org/fhir/StructureDefinition/implementationguide-page","valueUri":"Encounter-HospitalNotificationEncounterAdmittetBeforeDeceased.html"}],"reference":{"reference":"Encounter/HospitalNotificationEncounterAdmittetBeforeDeceased"},"name":"MedCom Hospital Notification Encounter admitted before deceased","description":"Example of MedCom Hospital Noticication inpatient Encounter when patient is admitted","exampleCanonical":"http://medcomfhir.dk/fhir/core/1.0/StructureDefinition/medcom-hospitalNotification-encounter","groupingId":"_ex_example"},{"extension":[{"url":"http://hl7.org/fhir/StructureDefinition/implementationguide-page","valueUri":"Encounter-HospitalNotificationEncounterFinished.html"}],"reference":{"reference":"Encounter/HospitalNotificationEncounterFinished"},"name":"MedCom Hospital Notification Encounter in progress","description":"Example of MedCom Hospital Noticication inpatient Encounter in progress with Burncenter as serviceProvider","exampleCanonical":"http://medcomfhir.dk/fhir/core/1.0/StructureDefinition/medcom-hospitalNotification-encounter","groupingId":"_ex_example"},{"extension":[{"url":"http://hl7.org/fhir/StructureDefinition/implementationguide-page","valueUri":"Encounter-HospitalNotificationEncounterFinishedWhenDeceased.html"}],"reference":{"reference":"Encounter/HospitalNotificationEncounterFinishedWhenDeceased"},"name":"MedCom Hospital Notification Encounter finished","description":"Example of MedCom Hospital Noticication inpatient Encounter finished, patient deceased","exampleCanonical":"http://medcomfhir.dk/fhir/core/1.0/StructureDefinition/medcom-hospitalNotification-encounter","groupingId":"_ex_example"},{"extension":[{"url":"http://hl7.org/fhir/StructureDefinition/implementationguide-page","valueUri":"Encounter-HospitalNotificationEncounterInProgress.html"}],"reference":{"reference":"Encounter/HospitalNotificationEncounterInProgress"},"name":"MedCom Hospital Notification Encounter in progress","description":"Example of MedCom Hospital Noticication inpatient Encounter in progress with Burncenter as serviceProvider","exampleCanonical":"http://medcomfhir.dk/fhir/core/1.0/StructureDefinition/medcom-hospitalNotification-encounter","groupingId":"_ex_example"},{"extension":[{"url":"http://hl7.org/fhir/StructureDefinition/implementationguide-page","valueUri":"Encounter-HospitalNotificationEncounterOnLeave.html"}],"reference":{"reference":"Encounter/HospitalNotificationEncounterOnLeave"},"name":"MedCom Hospital Notification Encounter on leave","description":"Example of MedCom Hospital Noticication inpatient Encounter on leave with Burncenter as serviceProvider","exampleCanonical":"http://medcomfhir.dk/fhir/core/1.0/StructureDefinition/medcom-hospitalNotification-encounter","groupingId":"_ex_example"},{"extension":[{"url":"http://hl7.org/fhir/StructureDefinition/implementationguide-page","valueUri":"MessageHeader-HospitalNotificationEndLeaveMessageHeader.html"}],"reference":{"reference":"MessageHeader/HospitalNotificationEndLeaveMessageHeader"},"name":"HospitalNotificationEndLeaveMessageHeader","description":"Message header for a hospital notification start leave message. Valid only if used in a bundle (message).","exampleCanonical":"http://medcomfhir.dk/fhir/core/1.0/StructureDefinition/medcom-hospitalNotification-messageHeader","groupingId":"_ex_example"},{"extension":[{"url":"http://hl7.org/fhir/StructureDefinition/implementationguide-page","valueUri":"Provenance-HospitalNotificationEndLeaveProvenance.html"}],"reference":{"reference":"Provenance/HospitalNotificationEndLeaveProvenance"},"name":"HospitalNotificationEndLeaveProvenance","description":"Provenance information for a medcom Hospital Notification message. Valid only if used in a bundle (message).","exampleCanonical":"http://medcomfhir.dk/fhir/core/1.0/StructureDefinition/medcom-messaging-provenance","groupingId":"_ex_example"},{"extension":[{"url":"http://hl7.org/fhir/StructureDefinition/implementationguide-page","valueUri":"MessageHeader-HospitalNotificationOnLeaveMessageHeader.html"}],"reference":{"reference":"MessageHeader/HospitalNotificationOnLeaveMessageHeader"},"name":"HospitalNotificationOnLeaveMessageHeader","description":"Message header for a hospital notification start leave message. Valid only if used in a bundle (message).","exampleCanonical":"http://medcomfhir.dk/fhir/core/1.0/StructureDefinition/medcom-hospitalNotification-messageHeader","groupingId":"_ex_example"},{"extension":[{"url":"http://hl7.org/fhir/StructureDefinition/implementationguide-page","valueUri":"Provenance-HospitalNotificationStartLeaveForEndLeaveProvenance.html"}],"reference":{"reference":"Provenance/HospitalNotificationStartLeaveForEndLeaveProvenance"},"name":"HospitalNotificationStartLeaveForEndLeaveProvenance","description":"Provenance information for a medcom Hospital Notification message. Valid only if used in a bundle (message).","exampleCanonical":"http://medcomfhir.dk/fhir/core/1.0/StructureDefinition/medcom-messaging-provenance","groupingId":"_ex_example"},{"extension":[{"url":"http://hl7.org/fhir/StructureDefinition/implementationguide-page","valueUri":"Provenance-HospitalNotificationStartLeaveProvenance.html"}],"reference":{"reference":"Provenance/HospitalNotificationStartLeaveProvenance"},"name":"HospitalNotificationStartLeaveProvenance","description":"Provenance information for a medcom Hospital Notification message. Valid only if used in a bundle (message).","exampleCanonical":"http://medcomfhir.dk/fhir/core/1.0/StructureDefinition/medcom-messaging-provenance","groupingId":"_ex_example"},{"extension":[{"url":"http://hl7.org/fhir/StructureDefinition/implementationguide-page","valueUri":"Bundle-MedComHospitalNotificationMessageAdmitExample.html"}],"reference":{"reference":"Bundle/MedComHospitalNotificationMessageAdmitExample"},"name":"MedCom Hospital Notification Message Admit Example","description":"Example of MedCom Hospital Notification Admit","exampleCanonical":"http://medcomfhir.dk/fhir/core/1.0/StructureDefinition/medcom-hospitalNotification-message","groupingId":"_ex_example"},{"extension":[{"url":"http://hl7.org/fhir/StructureDefinition/implementationguide-page","valueUri":"Bundle-MedComHospitalNotificationMessageAdmittedBeforeDeceasedExample.html"}],"reference":{"reference":"Bundle/MedComHospitalNotificationMessageAdmittedBeforeDeceasedExample"},"name":"MedCom Hospital Notification Message Admitted before Deceased Example","description":"Example of MedCom Hospital Notification admit when patient is later deceased","exampleCanonical":"http://medcomfhir.dk/fhir/core/1.0/StructureDefinition/medcom-hospitalNotification-message","groupingId":"_ex_example"},{"extension":[{"url":"http://hl7.org/fhir/StructureDefinition/implementationguide-page","valueUri":"Bundle-MedComHospitalNotificationMessageDischargeDeceasedExample.html"}],"reference":{"reference":"Bundle/MedComHospitalNotificationMessageDischargeDeceasedExample"},"name":"MedCom Hospital Notification Message Discharge Deceased Example","description":"Example of MedCom Hospital Notification Discharge when patient is deceased","exampleCanonical":"http://medcomfhir.dk/fhir/core/1.0/StructureDefinition/medcom-hospitalNotification-message","groupingId":"_ex_example"},{"extension":[{"url":"http://hl7.org/fhir/StructureDefinition/implementationguide-page","valueUri":"Bundle-MedComHospitalNotificationMessageDischargeExample.html"}],"reference":{"reference":"Bundle/MedComHospitalNotificationMessageDischargeExample"},"name":"MedCom Hospital Notification Message Discharge Example","description":"Example of MedCom Hospital Notification Discharge","exampleCanonical":"http://medcomfhir.dk/fhir/core/1.0/StructureDefinition/medcom-hospitalNotification-message","groupingId":"_ex_example"},{"extension":[{"url":"http://hl7.org/fhir/StructureDefinition/implementationguide-page","valueUri":"Bundle-MedComHospitalNotificationMessageEndLeaveExample.html"}],"reference":{"reference":"Bundle/MedComHospitalNotificationMessageEndLeaveExample"},"name":"MedCom Hospital Notification Message End Leave Example","description":"Example of MedCom Hospital Notification End Leave","exampleCanonical":"http://medcomfhir.dk/fhir/core/1.0/StructureDefinition/medcom-hospitalNotification-message","groupingId":"_ex_example"},{"extension":[{"url":"http://hl7.org/fhir/StructureDefinition/implementationguide-page","valueUri":"Bundle-MedComHospitalNotificationMessageStartLeaveExample.html"}],"reference":{"reference":"Bundle/MedComHospitalNotificationMessageStartLeaveExample"},"name":"MedCom Hospital Notification Message Start Leave Example","description":"Example of MedCom Hospital Notification Start Leave","exampleCanonical":"http://medcomfhir.dk/fhir/core/1.0/StructureDefinition/medcom-hospitalNotification-message","groupingId":"_ex_example"},{"extension":[{"url":"http://hl7.org/fhir/StructureDefinition/implementationguide-page","valueUri":"MessageHeader-MessageHeaderExample.html"}],"reference":{"reference":"MessageHeader/MessageHeaderExample"},"name":"MessageHeaderExample","description":"Message Header for an empty message. Valid only if used in a bundle (message).","exampleCanonical":"http://medcomfhir.dk/fhir/core/1.0/StructureDefinition/medcom-messaging-messageHeader","groupingId":"_ex_example"},{"extension":[{"url":"http://hl7.org/fhir/StructureDefinition/implementationguide-page","valueUri":"Organization-MessageReceiver.html"}],"reference":{"reference":"Organization/MessageReceiver"},"name":"MessageReceiver","description":"Example of an organization with a SOR and an EAN identifier.","exampleCanonical":"http://medcomfhir.dk/fhir/core/1.0/StructureDefinition/medcom-messaging-organization","groupingId":"_ex_example"},{"extension":[{"url":"http://hl7.org/fhir/StructureDefinition/implementationguide-page","valueUri":"Organization-MessageSender.html"}],"reference":{"reference":"Organization/MessageSender"},"name":"MessageSender","description":"Example of an organization with a SOR and an EAN identifier.","exampleCanonical":"http://medcomfhir.dk/fhir/core/1.0/StructureDefinition/medcom-messaging-organization","groupingId":"_ex_example"},{"extension":[{"url":"http://hl7.org/fhir/StructureDefinition/implementationguide-page","valueUri":"Provenance-NewCareCommunicationProvenance.html"}],"reference":{"reference":"Provenance/NewCareCommunicationProvenance"},"name":"NewCareCommunicationProvenance","description":"Provenance information for a medcom message. Valid only if used in a bundle (message).","exampleCanonical":"http://medcomfhir.dk/fhir/core/1.0/StructureDefinition/medcom-messaging-provenance","groupingId":"_ex_example"},{"extension":[{"url":"http://hl7.org/fhir/StructureDefinition/implementationguide-page","valueUri":"OperationOutcome-OperationOutcome-error.html"}],"reference":{"reference":"OperationOutcome/OperationOutcome-error"},"name":"OperationOutcome-error","description":"Example of a error operationOutcome","exampleBoolean":true,"groupingId":"_ex_example"},{"extension":[{"url":"http://hl7.org/fhir/StructureDefinition/implementationguide-page","valueUri":"OperationOutcome-OperationOutcome-ok.html"}],"reference":{"reference":"OperationOutcome/OperationOutcome-ok"},"name":"OperationOutcome-ok","description":"Example of a ok operationOutcome","exampleBoolean":true,"groupingId":"_ex_example"},{"extension":[{"url":"http://hl7.org/fhir/StructureDefinition/implementationguide-page","valueUri":"Organization-PractitionerClinic.html"}],"reference":{"reference":"Organization/PractitionerClinic"},"name":"Practitioner Clinic","description":"An organization with a SOR identifier.","exampleCanonical":"http://medcomfhir.dk/fhir/core/1.0/StructureDefinition/medcom-core-organization","groupingId":"_ex_example"},{"extension":[{"url":"http://hl7.org/fhir/StructureDefinition/implementationguide-page","valueUri":"Encounter-example.html"}],"reference":{"reference":"Encounter/example"},"name":"MedCom Core Encounter","description":"Example of a simple MedCom Core Encounter","exampleCanonical":"http://medcomfhir.dk/fhir/core/1.0/StructureDefinition/medcom-core-encounter","groupingId":"_ex_example"}],"page":{"nameUrl":"toc.html","title":"Table of Contents","generation":"html","page":[{"nameUrl":"index.html","title":"Home","generation":"markdown"},{"nameUrl":"downloads.html","title":"Downloads","generation":"markdown"},{"nameUrl":"extensions.html","title":"Extensions","generation":"html"},{"nameUrl":"profiles.html","title":"Profiles","generation":"html"},{"nameUrl":"terminology.html","title":"Terminology","generation":"html"},{"nameUrl":"artifacts.html","title":"Artifacts Summary","generation":"html","page":[{"nameUrl":"StructureDefinition-medcom-careCommunication-communication.html","title":"MedComCareCommunication","generation":"generated"},{"nameUrl":"StructureDefinition-medcom-careCommunication-message.html","title":"MedComCareCommunicationMessage","generation":"generated"},{"nameUrl":"StructureDefinition-medcom-careCommunication-messageHeader.html","title":"MedComCareCommunicationMessageHeader","generation":"generated"},{"nameUrl":"StructureDefinition-medcom-core-encounter.html","title":"MedComCoreEncounter","generation":"generated"},{"nameUrl":"StructureDefinition-medcom-core-lpr3Encounter.html","title":"MedComCoreLpr3Encounter","generation":"generated"},{"nameUrl":"StructureDefinition-medcom-core-organization.html","title":"MedComCoreOrganization","generation":"generated"},{"nameUrl":"StructureDefinition-medcom-core-patient.html","title":"MedComCorePatient","generation":"generated"},{"nameUrl":"StructureDefinition-medcom-hospitalNotification-encounter.html","title":"MedComHospitalNotificationEncounter","generation":"generated"},{"nameUrl":"StructureDefinition-medcom-hospitalNotification-message.html","title":"MedComHospitalNotificationMessage","generation":"generated"},{"nameUrl":"StructureDefinition-medcom-hospitalNotification-messageHeader.html","title":"MedComHospitalNotificationMessageHeader","generation":"generated"},{"nameUrl":"StructureDefinition-medcom-messaging-acknowledgement.html","title":"MedComMessagingAcknowledgement","generation":"generated"},{"nameUrl":"StructureDefinition-medcom-messaging-acknowledgementHeader.html","title":"MedComMessagingAcknowledgementHeader","generation":"generated"},{"nameUrl":"StructureDefinition-medcom-messaging-message.html","title":"MedComMessagingMessage","generation":"generated"},{"nameUrl":"StructureDefinition-medcom-messaging-messageHeader.html","title":"MedComMessagingMessageHeader","generation":"generated"},{"nameUrl":"StructureDefinition-medcom-messaging-organization.html","title":"MedComMessagingOrganization","generation":"generated"},{"nameUrl":"StructureDefinition-medcom-messaging-provenance.html","title":"MedComMessagingProvenance","generation":"generated"},{"nameUrl":"StructureDefinition-medcom-core-eanIdentifier.html","title":"MedComCoreEANIdentifier","generation":"generated"},{"nameUrl":"StructureDefinition-medcom-core-author-extension.html","title":"Payload Author Extension","generation":"generated"},{"nameUrl":"StructureDefinition-medcom-core-datetime-extension.html","title":"Payload DateTime Extension","generation":"generated"},{"nameUrl":"StructureDefinition-medcom-messaging-reportOfAdmissionExtension.html","title":"MedCom Report of Admission Extension","generation":"generated"},{"nameUrl":"StructureDefinition-medcom-messaging-destinationUseExtension.html","title":"MedCom Destination Use Extension","generation":"generated"},{"nameUrl":"ValueSet-medcom-careCommunication-categories.html","title":"MedCom Care Communication Category Codes","generation":"generated"},{"nameUrl":"ValueSet-medcom-careCommunication-messagingActivities.html","title":"MedCom Care Communication Message Activity Codes","generation":"generated"},{"nameUrl":"ValueSet-medcom-careCommunication-requestPriority.html","title":"MedCom Care Request Priority Codes","generation":"generated"},{"nameUrl":"ValueSet-medcom-core-attachmentMimeTypes.html","title":"MedCom Attachment MimeTypes","generation":"generated"},{"nameUrl":"ValueSet-medcom-core-encounterClass.html","title":"MedCom Core Encounter Class Codes","generation":"generated"},{"nameUrl":"ValueSet-medcom-hospitalNotification-encounterClass.html","title":"MedCom hospital notification encounter class Codes","generation":"generated"},{"nameUrl":"ValueSet-medcom-hospitalNotification-encounterstatus.html","title":"MedCom hospital notification encounter status Codes","generation":"generated"},{"nameUrl":"ValueSet-medcom-hospitalNotification-messageActivities.html","title":"MedCom Hospital Notification Message Activity Codes","generation":"generated"},{"nameUrl":"ValueSet-medcom-messaging-messageTypes.html","title":"MedCom Messaging Message Types","generation":"generated"},{"nameUrl":"ValueSet-medcom-messaging-vans-statisticalCode-combinations.html","title":"MedCom Messaging Vans StatisticalCode Combinations","generation":"generated"},{"nameUrl":"CodeSystem-medcom-careCommunication-categoryCodes.html","title":"MedCom Care Communication Categories","generation":"generated"},{"nameUrl":"CodeSystem-medcom-core-encounterActCodes.html","title":"MedCom Encounter Act Codes","generation":"generated"},{"nameUrl":"CodeSystem-medcom-messaging-activityCodes.html","title":"MedCom Message Activity Codes","generation":"generated"},{"nameUrl":"CodeSystem-medcom-messaging-eventCodes.html","title":"MedCom Message Events","generation":"generated"},{"nameUrl":"CodeSystem-medcom-messaging-destinationUse.html","title":"MedCom Messaging Destination Use","generation":"generated"},{"nameUrl":"CodeSystem-medcom-messaging-statisticalCodes.html","title":"MedCom Messaging Statistical Codes","generation":"generated"},{"nameUrl":"Patient-382fb8a3-6725-41e2-a615-2b1cfcfe9931.html","title":"Erik Clausen","generation":"generated"},{"nameUrl":"Patient-5b72c625-0570-4111-b272-f0351344f8b6.html","title":"Erik Clausen","generation":"generated"},{"nameUrl":"Patient-733cef33-3626-422b-955d-d506aaa65fe1.html","title":"Eric Flame","generation":"generated"},{"nameUrl":"Bundle-AcknowledgementExample.html","title":"AcknowledgementExample","generation":"generated"},{"nameUrl":"Bundle-AcknowledgementExample-fatal-error.html","title":"AcknowledgementExample-fatal-error","generation":"generated"},{"nameUrl":"Bundle-AcknowledgementExample-ok.html","title":"AcknowledgementExample-ok","generation":"generated"},{"nameUrl":"MessageHeader-AcknowledgementHeaderExample.html","title":"AcknowledgementHeaderExample","generation":"generated"},{"nameUrl":"MessageHeader-AcknowledgementHeaderExample-fatal-error.html","title":"AcknowledgementHeaderExample-fatal-error","generation":"generated"},{"nameUrl":"MessageHeader-AcknowledgementHeaderExample-ok.html","title":"AcknowledgementHeaderExample-ok","generation":"generated"},{"nameUrl":"Organization-BurnCenter.html","title":"Aros Burn Center","generation":"generated"},{"nameUrl":"Communication-CareCommunicationContent.html","title":"Example of Care Communication Content","generation":"generated"},{"nameUrl":"Bundle-CareCommunicationMessageExample.html","title":"MedCom Care Communication Message Example","generation":"generated"},{"nameUrl":"Bundle-CareCommunicationMessageForwardExample.html","title":"MedCom Care Communication Forward Message Example","generation":"generated"},{"nameUrl":"MessageHeader-CareCommunicationMessageHeader.html","title":"CareCommunicationMessageHeader","generation":"generated"},{"nameUrl":"Bundle-CareCommunicationMessageReplyExample.html","title":"MedCom Care Communication Reply Message Example","generation":"generated"},{"nameUrl":"Bundle-EmptyMessage.html","title":"EmptyMessage","generation":"generated"},{"nameUrl":"Encounter-EncounterWithLPR3Identifier.html","title":"Encounter with LPR3 identifier","generation":"generated"},{"nameUrl":"MessageHeader-HospitalNotificationAdmitDeceasedMessageHeader.html","title":"HospitalNotificationAdmitDeceasedMessageHeader","generation":"generated"},{"nameUrl":"Provenance-HospitalNotificationAdmitProvenance.html","title":"HospitalNotificationAdmitProvenance","generation":"generated"},{"nameUrl":"MessageHeader-HospitalNotificationAdmittedMessageHeader.html","title":"HospitalNotificationAdmittedMessageHeader","generation":"generated"},{"nameUrl":"MessageHeader-HospitalNotificationDischargedDeceasedMessageHeader.html","title":"HospitalNotificationDischargedDeceasedMessageHeader","generation":"generated"},{"nameUrl":"MessageHeader-HospitalNotificationDischargedMessageHeader.html","title":"HospitalNotificationDischargedMessageHeader","generation":"generated"},{"nameUrl":"Encounter-HospitalNotificationEncounterAdmittetBeforeDeceased.html","title":"MedCom Hospital Notification Encounter admitted before deceased","generation":"generated"},{"nameUrl":"Encounter-HospitalNotificationEncounterFinished.html","title":"MedCom Hospital Notification Encounter in progress","generation":"generated"},{"nameUrl":"Encounter-HospitalNotificationEncounterFinishedWhenDeceased.html","title":"MedCom Hospital Notification Encounter finished","generation":"generated"},{"nameUrl":"Encounter-HospitalNotificationEncounterInProgress.html","title":"MedCom Hospital Notification Encounter in progress","generation":"generated"},{"nameUrl":"Encounter-HospitalNotificationEncounterOnLeave.html","title":"MedCom Hospital Notification Encounter on leave","generation":"generated"},{"nameUrl":"MessageHeader-HospitalNotificationEndLeaveMessageHeader.html","title":"HospitalNotificationEndLeaveMessageHeader","generation":"generated"},{"nameUrl":"Provenance-HospitalNotificationEndLeaveProvenance.html","title":"HospitalNotificationEndLeaveProvenance","generation":"generated"},{"nameUrl":"MessageHeader-HospitalNotificationOnLeaveMessageHeader.html","title":"HospitalNotificationOnLeaveMessageHeader","generation":"generated"},{"nameUrl":"Provenance-HospitalNotificationStartLeaveForEndLeaveProvenance.html","title":"HospitalNotificationStartLeaveForEndLeaveProvenance","generation":"generated"},{"nameUrl":"Provenance-HospitalNotificationStartLeaveProvenance.html","title":"HospitalNotificationStartLeaveProvenance","generation":"generated"},{"nameUrl":"Bundle-MedComHospitalNotificationMessageAdmitExample.html","title":"MedCom Hospital Notification Message Admit Example","generation":"generated"},{"nameUrl":"Bundle-MedComHospitalNotificationMessageAdmittedBeforeDeceasedExample.html","title":"MedCom Hospital Notification Message Admitted before Deceased Example","generation":"generated"},{"nameUrl":"Bundle-MedComHospitalNotificationMessageDischargeDeceasedExample.html","title":"MedCom Hospital Notification Message Discharge Deceased Example","generation":"generated"},{"nameUrl":"Bundle-MedComHospitalNotificationMessageDischargeExample.html","title":"MedCom Hospital Notification Message Discharge Example","generation":"generated"},{"nameUrl":"Bundle-MedComHospitalNotificationMessageEndLeaveExample.html","title":"MedCom Hospital Notification Message End Leave Example","generation":"generated"},{"nameUrl":"Bundle-MedComHospitalNotificationMessageStartLeaveExample.html","title":"MedCom Hospital Notification Message Start Leave Example","generation":"generated"},{"nameUrl":"MessageHeader-MessageHeaderExample.html","title":"MessageHeaderExample","generation":"generated"},{"nameUrl":"Organization-MessageReceiver.html","title":"MessageReceiver","generation":"generated"},{"nameUrl":"Organization-MessageSender.html","title":"MessageSender","generation":"generated"},{"nameUrl":"Provenance-NewCareCommunicationProvenance.html","title":"NewCareCommunicationProvenance","generation":"generated"},{"nameUrl":"OperationOutcome-OperationOutcome-error.html","title":"OperationOutcome-error","generation":"generated"},{"nameUrl":"OperationOutcome-OperationOutcome-ok.html","title":"OperationOutcome-ok","generation":"generated"},{"nameUrl":"Organization-PractitionerClinic.html","title":"Practitioner Clinic","generation":"generated"},{"nameUrl":"Encounter-example.html","title":"MedCom Core Encounter","generation":"generated"}]}]},"parameter":[{"code":"path-resource","value":"input/capabilities"},{"code":"path-resource","value":"input/examples"},{"code":"path-resource","value":"input/extensions"},{"code":"path-resource","value":"input/models"},{"code":"path-resource","value":"input/operations"},{"code":"path-resource","value":"input/profiles"},{"code":"path-resource","value":"input/resources"},{"code":"path-resource","value":"input/vocabulary"},{"code":"path-resource","value":"input/maps"},{"code":"path-resource","value":"input/testing"},{"code":"path-resource","value":"input/history"},{"code":"path-resource","value":"fsh-generated/resources"},{"code":"path-pages","value":"template/config"},{"code":"path-pages","value":"input/images"},{"code":"path-tx-cache","value":"input-cache/txcache"}]}}