{"resourceType":"ValueSet","id":"medcom-careCommunication-messagingActivities","text":{"status":"generated","div":"<div xmlns=\"http://www.w3.org/1999/xhtml\"><ul><li>Include these codes as defined in <a href=\"CodeSystem-medcom-messaging-activityCodes.html\"><code>http://medcomfhir.dk/fhir/core/1.0/CodeSystem/medcom-messaging-activityCodes</code></a><table class=\"none\"><tr><td style=\"white-space:nowrap\"><b>Code</b></td><td><b>Display</b></td></tr><tr><td><a href=\"CodeSystem-medcom-messaging-activityCodes.html#medcom-messaging-activityCodes-new-message\">new-message</a></td><td>A new message has been sent</td></tr><tr><td><a href=\"CodeSystem-medcom-messaging-activityCodes.html#medcom-messaging-activityCodes-forward-message\">forward-message</a></td><td>A message has been forwarded and potentially changed</td></tr><tr><td><a href=\"CodeSystem-medcom-messaging-activityCodes.html#medcom-messaging-activityCodes-reply-message\">reply-message</a></td><td>A message has been replied to</td></tr><tr><td><a href=\"CodeSystem-medcom-messaging-activityCodes.html#medcom-messaging-activityCodes-retract-message\">retract-message</a></td><td>A message has been retracted/cancelled</td></tr></table></li></ul></div>"},"url":"http://medcomfhir.dk/fhir/core/1.0/ValueSet/medcom-careCommunication-messagingActivities","version":"1.0","name":"MedComCareCommunicationMessageActivities","title":"MedCom Care Communication Message Activity Codes","status":"active","date":"2021-01-22T10:15:14+01:00","publisher":"MedCom","contact":[{"name":"MedCom","telecom":[{"system":"url","value":"http://www.medcom.dk"}]}],"description":"ValueSet containg activity codes for care communication messages","jurisdiction":[{"coding":[{"system":"urn:iso:std:iso:3166","code":"DK","display":"Denmark"}]}],"compose":{"include":[{"system":"http://medcomfhir.dk/fhir/core/1.0/CodeSystem/medcom-messaging-activityCodes","concept":[{"code":"new-message","display":"A new message has been sent"},{"code":"forward-message","display":"A message has been forwarded and potentially changed"},{"code":"reply-message","display":"A message has been replied to"},{"code":"retract-message","display":"A message has been retracted/cancelled"}]}]}}