{
  "resourceType": "ImplementationGuide",
  "id": "dk.fhir.ig.medcom-core",
  "text": {
    "status": "extensions",
    "div": "<div xmlns=\"http://www.w3.org/1999/xhtml\"><h2>MedComCore</h2><p>The official URL for this implementation guide is: </p><pre>http://medcomfhir.dk/fhir/core/1.0/ImplementationGuide/dk.fhir.ig.medcom-core</pre><div><p>The DK MedCom Core IG</p>\n</div></div>"
  },
  "url": "http://medcomfhir.dk/fhir/core/1.0/ImplementationGuide/dk.fhir.ig.medcom-core",
  "version": "1.0",
  "name": "MedComCore",
  "title": "DK MedCom Core",
  "status": "active",
  "date": "2021-01-22T10:15:14+01:00",
  "publisher": "MedCom",
  "contact": [
    {
      "name": "MedCom",
      "telecom": [
        {
          "system": "url",
          "value": "http://www.medcom.dk"
        }
      ]
    }
  ],
  "description": "The DK MedCom Core IG",
  "jurisdiction": [
    {
      "coding": [
        {
          "system": "urn:iso:std:iso:3166",
          "code": "DK",
          "display": "Denmark"
        }
      ]
    }
  ],
  "packageId": "dk.fhir.ig.medcom-core",
  "license": "CC0-1.0",
  "fhirVersion": [
    "4.0.1"
  ],
  "dependsOn": [
    {
      "id": "dk_fhir_ig_dk_core",
      "uri": "http://hl7.dk/fhir/core/ImplementationGuide/dk.fhir.ig.dk-core",
      "packageId": "dk.fhir.ig.dk-core",
      "version": "current"
    }
  ],
  "definition": {
    "extension": [
      {
        "extension": [
          {
            "url": "code",
            "valueString": "copyrightyear"
          },
          {
            "url": "value",
            "valueString": "2021+"
          }
        ],
        "url": "http://hl7.org/fhir/tools/StructureDefinition/ig-parameter"
      },
      {
        "extension": [
          {
            "url": "code",
            "valueString": "releaselabel"
          },
          {
            "url": "value",
            "valueString": "Build CI"
          }
        ],
        "url": "http://hl7.org/fhir/tools/StructureDefinition/ig-parameter"
      },
      {
        "extension": [
          {
            "url": "code",
            "valueString": "apply-contact"
          },
          {
            "url": "value",
            "valueString": "true"
          }
        ],
        "url": "http://hl7.org/fhir/tools/StructureDefinition/ig-parameter"
      },
      {
        "extension": [
          {
            "url": "code",
            "valueString": "apply-juristiction"
          },
          {
            "url": "value",
            "valueString": "true"
          }
        ],
        "url": "http://hl7.org/fhir/tools/StructureDefinition/ig-parameter"
      },
      {
        "extension": [
          {
            "url": "code",
            "valueString": "apply-publisher"
          },
          {
            "url": "value",
            "valueString": "true"
          }
        ],
        "url": "http://hl7.org/fhir/tools/StructureDefinition/ig-parameter"
      },
      {
        "extension": [
          {
            "url": "code",
            "valueString": "autoload-resources"
          },
          {
            "url": "value",
            "valueString": "true"
          }
        ],
        "url": "http://hl7.org/fhir/tools/StructureDefinition/ig-parameter"
      },
      {
        "extension": [
          {
            "url": "code",
            "valueString": "path-liquid"
          },
          {
            "url": "value",
            "valueString": "template/liquid"
          }
        ],
        "url": "http://hl7.org/fhir/tools/StructureDefinition/ig-parameter"
      },
      {
        "extension": [
          {
            "url": "code",
            "valueString": "path-liquid"
          },
          {
            "url": "value",
            "valueString": "input/liquid"
          }
        ],
        "url": "http://hl7.org/fhir/tools/StructureDefinition/ig-parameter"
      },
      {
        "extension": [
          {
            "url": "code",
            "valueString": "path-qa"
          },
          {
            "url": "value",
            "valueString": "temp/qa"
          }
        ],
        "url": "http://hl7.org/fhir/tools/StructureDefinition/ig-parameter"
      },
      {
        "extension": [
          {
            "url": "code",
            "valueString": "path-temp"
          },
          {
            "url": "value",
            "valueString": "temp/pages"
          }
        ],
        "url": "http://hl7.org/fhir/tools/StructureDefinition/ig-parameter"
      },
      {
        "extension": [
          {
            "url": "code",
            "valueString": "path-output"
          },
          {
            "url": "value",
            "valueString": "output"
          }
        ],
        "url": "http://hl7.org/fhir/tools/StructureDefinition/ig-parameter"
      },
      {
        "extension": [
          {
            "url": "code",
            "valueString": "path-suppressed-warnings"
          },
          {
            "url": "value",
            "valueString": "input/ignoreWarnings.txt"
          }
        ],
        "url": "http://hl7.org/fhir/tools/StructureDefinition/ig-parameter"
      },
      {
        "extension": [
          {
            "url": "code",
            "valueString": "path-history"
          },
          {
            "url": "value",
            "valueString": "http://medcomfhir.dk/fhir/core/1.0/history.html"
          }
        ],
        "url": "http://hl7.org/fhir/tools/StructureDefinition/ig-parameter"
      },
      {
        "extension": [
          {
            "url": "code",
            "valueString": "template-html"
          },
          {
            "url": "value",
            "valueString": "template-page.html"
          }
        ],
        "url": "http://hl7.org/fhir/tools/StructureDefinition/ig-parameter"
      },
      {
        "extension": [
          {
            "url": "code",
            "valueString": "template-md"
          },
          {
            "url": "value",
            "valueString": "template-page-md.html"
          }
        ],
        "url": "http://hl7.org/fhir/tools/StructureDefinition/ig-parameter"
      },
      {
        "extension": [
          {
            "url": "code",
            "valueString": "apply-context"
          },
          {
            "url": "value",
            "valueString": "true"
          }
        ],
        "url": "http://hl7.org/fhir/tools/StructureDefinition/ig-parameter"
      },
      {
        "extension": [
          {
            "url": "code",
            "valueString": "apply-copyright"
          },
          {
            "url": "value",
            "valueString": "true"
          }
        ],
        "url": "http://hl7.org/fhir/tools/StructureDefinition/ig-parameter"
      },
      {
        "extension": [
          {
            "url": "code",
            "valueString": "apply-jurisdiction"
          },
          {
            "url": "value",
            "valueString": "true"
          }
        ],
        "url": "http://hl7.org/fhir/tools/StructureDefinition/ig-parameter"
      },
      {
        "extension": [
          {
            "url": "code",
            "valueString": "apply-license"
          },
          {
            "url": "value",
            "valueString": "true"
          }
        ],
        "url": "http://hl7.org/fhir/tools/StructureDefinition/ig-parameter"
      },
      {
        "extension": [
          {
            "url": "code",
            "valueString": "apply-version"
          },
          {
            "url": "value",
            "valueString": "true"
          }
        ],
        "url": "http://hl7.org/fhir/tools/StructureDefinition/ig-parameter"
      },
      {
        "extension": [
          {
            "url": "code",
            "valueString": "active-tables"
          },
          {
            "url": "value",
            "valueString": "true"
          }
        ],
        "url": "http://hl7.org/fhir/tools/StructureDefinition/ig-parameter"
      }
    ],
    "resource": [
      {
        "extension": [
          {
            "url": "http://hl7.org/fhir/tools/StructureDefinition/resource-information",
            "valueString": "StructureDefinition:resource"
          }
        ],
        "reference": {
          "reference": "StructureDefinition/medcom-careCommunication-communication"
        },
        "name": "MedComCareCommunication",
        "description": "Care related communication between two or more parties in Danish healthcare",
        "exampleBoolean": false
      },
      {
        "extension": [
          {
            "url": "http://hl7.org/fhir/tools/StructureDefinition/resource-information",
            "valueString": "StructureDefinition:resource"
          }
        ],
        "reference": {
          "reference": "StructureDefinition/medcom-careCommunication-message"
        },
        "name": "MedComCareCommunicationMessage",
        "description": "Message for communication care related information between parties in Danish Health Care using MedCom Standards",
        "exampleBoolean": false
      },
      {
        "extension": [
          {
            "url": "http://hl7.org/fhir/tools/StructureDefinition/resource-information",
            "valueString": "StructureDefinition:resource"
          }
        ],
        "reference": {
          "reference": "StructureDefinition/medcom-careCommunication-messageHeader"
        },
        "name": "MedComCareCommunicationMessageHeader",
        "description": "Message header for care communication message",
        "exampleBoolean": false
      },
      {
        "extension": [
          {
            "url": "http://hl7.org/fhir/tools/StructureDefinition/resource-information",
            "valueString": "StructureDefinition:complex-type"
          }
        ],
        "reference": {
          "reference": "StructureDefinition/medcom-core-eanIdentifier"
        },
        "name": "MedComCoreEANIdentifier",
        "description": "EAN identifier issued by MedCom",
        "exampleBoolean": false
      },
      {
        "extension": [
          {
            "url": "http://hl7.org/fhir/tools/StructureDefinition/resource-information",
            "valueString": "StructureDefinition:resource"
          }
        ],
        "reference": {
          "reference": "StructureDefinition/medcom-core-encounter"
        },
        "name": "MedComCoreEncounter",
        "description": "An interaction between a patient/citizen and healthcare provider(s) for the purpose of providing healthcare service(s) or assessing the health status of a patient/citizen.",
        "exampleBoolean": false
      },
      {
        "extension": [
          {
            "url": "http://hl7.org/fhir/tools/StructureDefinition/resource-information",
            "valueString": "StructureDefinition:resource"
          }
        ],
        "reference": {
          "reference": "StructureDefinition/medcom-core-lpr3Encounter"
        },
        "name": "MedComCoreLpr3Encounter",
        "description": "Encounter which is part of an episode of care reported to the Danish National Patient Registry",
        "exampleBoolean": false
      },
      {
        "extension": [
          {
            "url": "http://hl7.org/fhir/tools/StructureDefinition/resource-information",
            "valueString": "StructureDefinition:resource"
          }
        ],
        "reference": {
          "reference": "StructureDefinition/medcom-core-organization"
        },
        "name": "MedComCoreOrganization",
        "description": "A formally recognized organizations within danish healthcare, registered with a SOR identifier issued by The Danish Health Data Authority",
        "exampleBoolean": false
      },
      {
        "extension": [
          {
            "url": "http://hl7.org/fhir/tools/StructureDefinition/resource-information",
            "valueString": "StructureDefinition:resource"
          }
        ],
        "reference": {
          "reference": "StructureDefinition/medcom-core-patient"
        },
        "name": "MedComCorePatient",
        "description": "Patient/citizen resource to use as subject in MedCom communication",
        "exampleBoolean": false
      },
      {
        "extension": [
          {
            "url": "http://hl7.org/fhir/tools/StructureDefinition/resource-information",
            "valueString": "StructureDefinition:resource"
          }
        ],
        "reference": {
          "reference": "StructureDefinition/medcom-hospitalNotification-encounter"
        },
        "name": "MedComHospitalNotificationEncounter",
        "description": "Encounter derivation that handles hospital notification when a patient is admitted to a hospital. The hospital notification is always send from a hospital. The receiver of the message is the patients home municipalicy. The hospital notification is send for example when patient is admitted, on leave, returned from leave, finished hospital stay.",
        "exampleBoolean": false
      },
      {
        "extension": [
          {
            "url": "http://hl7.org/fhir/tools/StructureDefinition/resource-information",
            "valueString": "StructureDefinition:resource"
          }
        ],
        "reference": {
          "reference": "StructureDefinition/medcom-hospitalNotification-message"
        },
        "name": "MedComHospitalNotificationMessage",
        "description": "A message for a Hospital Notification. The message is triggered as patients are admitted, onleave or has finished a hospital stay in order to notify the relevant Municipalicy home care",
        "exampleBoolean": false
      },
      {
        "extension": [
          {
            "url": "http://hl7.org/fhir/tools/StructureDefinition/resource-information",
            "valueString": "StructureDefinition:resource"
          }
        ],
        "reference": {
          "reference": "StructureDefinition/medcom-hospitalNotification-messageHeader"
        },
        "name": "MedComHospitalNotificationMessageHeader",
        "description": "Message header for a hospital notification message.",
        "exampleBoolean": false
      },
      {
        "extension": [
          {
            "url": "http://hl7.org/fhir/tools/StructureDefinition/resource-information",
            "valueString": "StructureDefinition:resource"
          }
        ],
        "reference": {
          "reference": "StructureDefinition/medcom-messaging-acknowledgement"
        },
        "name": "MedComMessagingAcknowledgement",
        "description": "Base resource for all MedCom Acknowledgement messages.",
        "exampleBoolean": false
      },
      {
        "extension": [
          {
            "url": "http://hl7.org/fhir/tools/StructureDefinition/resource-information",
            "valueString": "StructureDefinition:resource"
          }
        ],
        "reference": {
          "reference": "StructureDefinition/medcom-messaging-acknowledgementHeader"
        },
        "name": "MedComMessagingAcknowledgementHeader",
        "description": "A resource that describes a reponse to a message that is exchanged as a MedCom messgage within danish healthcare",
        "exampleBoolean": false
      },
      {
        "extension": [
          {
            "url": "http://hl7.org/fhir/tools/StructureDefinition/resource-information",
            "valueString": "StructureDefinition:resource"
          }
        ],
        "reference": {
          "reference": "StructureDefinition/medcom-messaging-message"
        },
        "name": "MedComMessagingMessage",
        "description": "Base resource for all MedCom messages.",
        "exampleBoolean": false
      },
      {
        "extension": [
          {
            "url": "http://hl7.org/fhir/tools/StructureDefinition/resource-information",
            "valueString": "StructureDefinition:resource"
          }
        ],
        "reference": {
          "reference": "StructureDefinition/medcom-messaging-messageHeader"
        },
        "name": "MedComMessagingMessageHeader",
        "description": "Message Header for MedCom message bundles",
        "exampleBoolean": false
      },
      {
        "extension": [
          {
            "url": "http://hl7.org/fhir/tools/StructureDefinition/resource-information",
            "valueString": "StructureDefinition:resource"
          }
        ],
        "reference": {
          "reference": "StructureDefinition/medcom-messaging-organization"
        },
        "name": "MedComMessagingOrganization",
        "description": "A formally recognized organizations registered for exchanging messages within danish healthcare, registered with a EAN identifier issued by MedCom",
        "exampleBoolean": false
      },
      {
        "extension": [
          {
            "url": "http://hl7.org/fhir/tools/StructureDefinition/resource-information",
            "valueString": "StructureDefinition:resource"
          }
        ],
        "reference": {
          "reference": "StructureDefinition/medcom-messaging-provenance"
        },
        "name": "MedComMessagingProvenance",
        "description": "Provenance information about the messages preceeding the current message",
        "exampleBoolean": false
      },
      {
        "extension": [
          {
            "url": "http://hl7.org/fhir/tools/StructureDefinition/resource-information",
            "valueString": "StructureDefinition:extension"
          }
        ],
        "reference": {
          "reference": "StructureDefinition/medcom-core-author-extension"
        },
        "name": "Payload Author Extension",
        "description": "Reference to author of this payload",
        "exampleBoolean": false
      },
      {
        "extension": [
          {
            "url": "http://hl7.org/fhir/tools/StructureDefinition/resource-information",
            "valueString": "StructureDefinition:extension"
          }
        ],
        "reference": {
          "reference": "StructureDefinition/medcom-core-datetime-extension"
        },
        "name": "Payload DateTime Extension",
        "description": "Date and time of this payload",
        "exampleBoolean": false
      },
      {
        "extension": [
          {
            "url": "http://hl7.org/fhir/tools/StructureDefinition/resource-information",
            "valueString": "StructureDefinition:extension"
          }
        ],
        "reference": {
          "reference": "StructureDefinition/medcom-messaging-reportOfAdmissionExtension"
        },
        "name": "MedCom Report of Admission Extension",
        "description": "Indicates whether the recipient should send a report of admission",
        "exampleBoolean": false
      },
      {
        "extension": [
          {
            "url": "http://hl7.org/fhir/tools/StructureDefinition/resource-information",
            "valueString": "StructureDefinition:extension"
          }
        ],
        "reference": {
          "reference": "StructureDefinition/medcom-messaging-destinationUseExtension"
        },
        "name": "MedCom Destination Use Extension",
        "description": "Indicates whether the use of a destination in a MedCom message header is as a primary or a carbon copy recipient of the message",
        "exampleBoolean": false
      },
      {
        "extension": [
          {
            "url": "http://hl7.org/fhir/tools/StructureDefinition/resource-information",
            "valueString": "ValueSet"
          }
        ],
        "reference": {
          "reference": "ValueSet/medcom-careCommunication-categories"
        },
        "name": "MedCom Care Communication Category Codes",
        "description": "ValueSet containing category codes for care communication messages",
        "exampleBoolean": false
      },
      {
        "extension": [
          {
            "url": "http://hl7.org/fhir/tools/StructureDefinition/resource-information",
            "valueString": "ValueSet"
          }
        ],
        "reference": {
          "reference": "ValueSet/medcom-careCommunication-messagingActivities"
        },
        "name": "MedCom Care Communication Message Activity Codes",
        "description": "ValueSet containg activity codes for care communication messages",
        "exampleBoolean": false
      },
      {
        "extension": [
          {
            "url": "http://hl7.org/fhir/tools/StructureDefinition/resource-information",
            "valueString": "ValueSet"
          }
        ],
        "reference": {
          "reference": "ValueSet/medcom-careCommunication-requestPriority"
        },
        "name": "MedCom Care Request Priority Codes",
        "description": "ValueSet containg priority codes for care communication messages",
        "exampleBoolean": false
      },
      {
        "extension": [
          {
            "url": "http://hl7.org/fhir/tools/StructureDefinition/resource-information",
            "valueString": "ValueSet"
          }
        ],
        "reference": {
          "reference": "ValueSet/medcom-core-attachmentMimeTypes"
        },
        "name": "MedCom Attachment MimeTypes",
        "description": "ValueSet containing allowed mime types for MedCom messages",
        "exampleBoolean": false
      },
      {
        "extension": [
          {
            "url": "http://hl7.org/fhir/tools/StructureDefinition/resource-information",
            "valueString": "ValueSet"
          }
        ],
        "reference": {
          "reference": "ValueSet/medcom-core-encounterClass"
        },
        "name": "MedCom Core Encounter Class Codes",
        "description": "ValueSet containg class codes for MedCom core encounter",
        "exampleBoolean": false
      },
      {
        "extension": [
          {
            "url": "http://hl7.org/fhir/tools/StructureDefinition/resource-information",
            "valueString": "ValueSet"
          }
        ],
        "reference": {
          "reference": "ValueSet/medcom-hospitalNotification-encounterClass"
        },
        "name": "MedCom hospital notification encounter class Codes",
        "description": "ValueSet containg class codes for hospital notification encounter",
        "exampleBoolean": false
      },
      {
        "extension": [
          {
            "url": "http://hl7.org/fhir/tools/StructureDefinition/resource-information",
            "valueString": "ValueSet"
          }
        ],
        "reference": {
          "reference": "ValueSet/medcom-hospitalNotification-encounterstatus"
        },
        "name": "MedCom hospital notification encounter status Codes",
        "description": "ValueSet containing status codes for hospital notification encounter",
        "exampleBoolean": false
      },
      {
        "extension": [
          {
            "url": "http://hl7.org/fhir/tools/StructureDefinition/resource-information",
            "valueString": "ValueSet"
          }
        ],
        "reference": {
          "reference": "ValueSet/medcom-hospitalNotification-messageActivities"
        },
        "name": "MedCom Hospital Notification Message Activity Codes",
        "description": "ValueSet containg activity codes for hospital notification messages",
        "exampleBoolean": false
      },
      {
        "extension": [
          {
            "url": "http://hl7.org/fhir/tools/StructureDefinition/resource-information",
            "valueString": "ValueSet"
          }
        ],
        "reference": {
          "reference": "ValueSet/medcom-messaging-messageTypes"
        },
        "name": "MedCom Messaging Message Types",
        "description": "All message types for MedCom messages",
        "exampleBoolean": false
      },
      {
        "extension": [
          {
            "url": "http://hl7.org/fhir/tools/StructureDefinition/resource-information",
            "valueString": "ValueSet"
          }
        ],
        "reference": {
          "reference": "ValueSet/medcom-messaging-vans-statisticalCode-combinations"
        },
        "name": "MedCom Messaging Vans StatisticalCode Combinations",
        "description": "MedCom Messaging Vans StatisticalCode Combinations",
        "exampleBoolean": false
      },
      {
        "extension": [
          {
            "url": "http://hl7.org/fhir/tools/StructureDefinition/resource-information",
            "valueString": "CodeSystem"
          }
        ],
        "reference": {
          "reference": "CodeSystem/medcom-careCommunication-categoryCodes"
        },
        "name": "MedCom Care Communication Categories",
        "description": "Category codes for care communication messages",
        "exampleBoolean": false
      },
      {
        "extension": [
          {
            "url": "http://hl7.org/fhir/tools/StructureDefinition/resource-information",
            "valueString": "CodeSystem"
          }
        ],
        "reference": {
          "reference": "CodeSystem/medcom-core-encounterActCodes"
        },
        "name": "MedCom Encounter Act Codes",
        "description": "Codes added to encounter class value set for MedCom messages",
        "exampleBoolean": false
      },
      {
        "extension": [
          {
            "url": "http://hl7.org/fhir/tools/StructureDefinition/resource-information",
            "valueString": "CodeSystem"
          }
        ],
        "reference": {
          "reference": "CodeSystem/medcom-messaging-activityCodes"
        },
        "name": "MedCom Message Activity Codes",
        "description": "Activity codes for MedCom messages",
        "exampleBoolean": false
      },
      {
        "extension": [
          {
            "url": "http://hl7.org/fhir/tools/StructureDefinition/resource-information",
            "valueString": "CodeSystem"
          }
        ],
        "reference": {
          "reference": "CodeSystem/medcom-messaging-eventCodes"
        },
        "name": "MedCom Message Events",
        "description": "Message events for MedCom messages",
        "exampleBoolean": false
      },
      {
        "extension": [
          {
            "url": "http://hl7.org/fhir/tools/StructureDefinition/resource-information",
            "valueString": "CodeSystem"
          }
        ],
        "reference": {
          "reference": "CodeSystem/medcom-messaging-destinationUse"
        },
        "name": "MedCom Messaging Destination Use",
        "description": "Codes indicatin whether the use of a destination in a MedCom message header is as a primary or a carbon copy recipient of the message",
        "exampleBoolean": false
      },
      {
        "extension": [
          {
            "url": "http://hl7.org/fhir/tools/StructureDefinition/resource-information",
            "valueString": "CodeSystem"
          }
        ],
        "reference": {
          "reference": "CodeSystem/medcom-messaging-statisticalCodes"
        },
        "name": "MedCom Messaging Statistical Codes",
        "description": "Statistical Codes for MedCom VANS messages",
        "exampleBoolean": false
      },
      {
        "extension": [
          {
            "url": "http://hl7.org/fhir/tools/StructureDefinition/resource-information",
            "valueString": "Patient"
          }
        ],
        "reference": {
          "reference": "Patient/382fb8a3-6725-41e2-a615-2b1cfcfe9931"
        },
        "name": "Erik Clausen",
        "description": "Patient deceased with a managing organization. Valid only if used in a bundle (message).",
        "exampleCanonical": "http://medcomfhir.dk/fhir/core/1.0/StructureDefinition/medcom-core-patient"
      },
      {
        "extension": [
          {
            "url": "http://hl7.org/fhir/tools/StructureDefinition/resource-information",
            "valueString": "Patient"
          }
        ],
        "reference": {
          "reference": "Patient/5b72c625-0570-4111-b272-f0351344f8b6"
        },
        "name": "Erik Clausen",
        "description": "Patient not deceased with a managing organization. Valid only if used in a bundle (message).",
        "exampleCanonical": "http://medcomfhir.dk/fhir/core/1.0/StructureDefinition/medcom-core-patient"
      },
      {
        "extension": [
          {
            "url": "http://hl7.org/fhir/tools/StructureDefinition/resource-information",
            "valueString": "Patient"
          }
        ],
        "reference": {
          "reference": "Patient/733cef33-3626-422b-955d-d506aaa65fe1"
        },
        "name": "Eric Flame",
        "description": "Patient with a managing organization. Valid only if used in a bundle (message).",
        "exampleCanonical": "http://medcomfhir.dk/fhir/core/1.0/StructureDefinition/medcom-core-patient"
      },
      {
        "extension": [
          {
            "url": "http://hl7.org/fhir/tools/StructureDefinition/resource-information",
            "valueString": "Bundle"
          }
        ],
        "reference": {
          "reference": "Bundle/AcknowledgementExample"
        },
        "name": "AcknowledgementExample",
        "description": "Example of a Acknowledgement message.",
        "exampleCanonical": "http://medcomfhir.dk/fhir/core/1.0/StructureDefinition/medcom-messaging-acknowledgement"
      },
      {
        "extension": [
          {
            "url": "http://hl7.org/fhir/tools/StructureDefinition/resource-information",
            "valueString": "Bundle"
          }
        ],
        "reference": {
          "reference": "Bundle/AcknowledgementExample-fatal-error"
        },
        "name": "AcknowledgementExample-fatal-error",
        "description": "Example of a fatal-error Acknowledgement message.",
        "exampleCanonical": "http://medcomfhir.dk/fhir/core/1.0/StructureDefinition/medcom-messaging-acknowledgement"
      },
      {
        "extension": [
          {
            "url": "http://hl7.org/fhir/tools/StructureDefinition/resource-information",
            "valueString": "Bundle"
          }
        ],
        "reference": {
          "reference": "Bundle/AcknowledgementExample-ok"
        },
        "name": "AcknowledgementExample-ok",
        "description": "Example of a ok Acknowledgement message.",
        "exampleCanonical": "http://medcomfhir.dk/fhir/core/1.0/StructureDefinition/medcom-messaging-acknowledgement"
      },
      {
        "extension": [
          {
            "url": "http://hl7.org/fhir/tools/StructureDefinition/resource-information",
            "valueString": "MessageHeader"
          }
        ],
        "reference": {
          "reference": "MessageHeader/AcknowledgementHeaderExample"
        },
        "name": "AcknowledgementHeaderExample",
        "description": "Message header for an empty message. Valid only if used in a bundle (message).",
        "exampleCanonical": "http://medcomfhir.dk/fhir/core/1.0/StructureDefinition/medcom-messaging-acknowledgementHeader"
      },
      {
        "extension": [
          {
            "url": "http://hl7.org/fhir/tools/StructureDefinition/resource-information",
            "valueString": "MessageHeader"
          }
        ],
        "reference": {
          "reference": "MessageHeader/AcknowledgementHeaderExample-fatal-error"
        },
        "name": "AcknowledgementHeaderExample-fatal-error",
        "description": "Message header for an fatal-error message",
        "exampleCanonical": "http://medcomfhir.dk/fhir/core/1.0/StructureDefinition/medcom-messaging-acknowledgementHeader"
      },
      {
        "extension": [
          {
            "url": "http://hl7.org/fhir/tools/StructureDefinition/resource-information",
            "valueString": "MessageHeader"
          }
        ],
        "reference": {
          "reference": "MessageHeader/AcknowledgementHeaderExample-ok"
        },
        "name": "AcknowledgementHeaderExample-ok",
        "description": "Message header for an ok message",
        "exampleCanonical": "http://medcomfhir.dk/fhir/core/1.0/StructureDefinition/medcom-messaging-acknowledgementHeader"
      },
      {
        "extension": [
          {
            "url": "http://hl7.org/fhir/tools/StructureDefinition/resource-information",
            "valueString": "Organization"
          }
        ],
        "reference": {
          "reference": "Organization/BurnCenter"
        },
        "name": "Aros Burn Center",
        "description": "A core organization with a SOR identifier.",
        "exampleCanonical": "http://medcomfhir.dk/fhir/core/1.0/StructureDefinition/medcom-core-organization"
      },
      {
        "extension": [
          {
            "url": "http://hl7.org/fhir/tools/StructureDefinition/resource-information",
            "valueString": "Communication"
          }
        ],
        "reference": {
          "reference": "Communication/CareCommunicationContent"
        },
        "name": "Example of Care Communication Content",
        "description": "Content of care communication message. Valid only if used in a bundle (message).",
        "exampleCanonical": "http://medcomfhir.dk/fhir/core/1.0/StructureDefinition/medcom-careCommunication-communication"
      },
      {
        "extension": [
          {
            "url": "http://hl7.org/fhir/tools/StructureDefinition/resource-information",
            "valueString": "Bundle"
          }
        ],
        "reference": {
          "reference": "Bundle/CareCommunicationMessageExample"
        },
        "name": "MedCom Care Communication Message Example",
        "description": "Example of a care communication message.",
        "exampleCanonical": "http://medcomfhir.dk/fhir/core/1.0/StructureDefinition/medcom-careCommunication-message"
      },
      {
        "extension": [
          {
            "url": "http://hl7.org/fhir/tools/StructureDefinition/resource-information",
            "valueString": "Bundle"
          }
        ],
        "reference": {
          "reference": "Bundle/CareCommunicationMessageForwardExample"
        },
        "name": "MedCom Care Communication Forward Message Example",
        "description": "Example of a forward of a care communication message.",
        "exampleCanonical": "http://medcomfhir.dk/fhir/core/1.0/StructureDefinition/medcom-careCommunication-message"
      },
      {
        "extension": [
          {
            "url": "http://hl7.org/fhir/tools/StructureDefinition/resource-information",
            "valueString": "MessageHeader"
          }
        ],
        "reference": {
          "reference": "MessageHeader/CareCommunicationMessageHeader"
        },
        "name": "CareCommunicationMessageHeader",
        "description": "Message header for care communication message. Valid only if used in a bundle (message).",
        "exampleCanonical": "http://medcomfhir.dk/fhir/core/1.0/StructureDefinition/medcom-careCommunication-messageHeader"
      },
      {
        "extension": [
          {
            "url": "http://hl7.org/fhir/tools/StructureDefinition/resource-information",
            "valueString": "Bundle"
          }
        ],
        "reference": {
          "reference": "Bundle/CareCommunicationMessageReplyExample"
        },
        "name": "MedCom Care Communication Reply Message Example",
        "description": "Example of a reply to a care communication message.",
        "exampleCanonical": "http://medcomfhir.dk/fhir/core/1.0/StructureDefinition/medcom-careCommunication-message"
      },
      {
        "extension": [
          {
            "url": "http://hl7.org/fhir/tools/StructureDefinition/resource-information",
            "valueString": "Bundle"
          }
        ],
        "reference": {
          "reference": "Bundle/EmptyMessage"
        },
        "name": "EmptyMessage",
        "description": "Example of an emty message.",
        "exampleCanonical": "http://medcomfhir.dk/fhir/core/1.0/StructureDefinition/medcom-messaging-message"
      },
      {
        "extension": [
          {
            "url": "http://hl7.org/fhir/tools/StructureDefinition/resource-information",
            "valueString": "Encounter"
          }
        ],
        "reference": {
          "reference": "Encounter/EncounterWithLPR3Identifier"
        },
        "name": "Encounter with LPR3 identifier",
        "description": "Encounter with an identifier that may be a LPR3 id. Valid only if used in a bundle (message).",
        "exampleCanonical": "http://medcomfhir.dk/fhir/core/1.0/StructureDefinition/medcom-core-lpr3Encounter"
      },
      {
        "extension": [
          {
            "url": "http://hl7.org/fhir/tools/StructureDefinition/resource-information",
            "valueString": "MessageHeader"
          }
        ],
        "reference": {
          "reference": "MessageHeader/HospitalNotificationAdmitDeceasedMessageHeader"
        },
        "name": "HospitalNotificationAdmitDeceasedMessageHeader",
        "description": "Message header for a hospital notification admit message when patient later is deceased. Valid only if used in a bundle (message).",
        "exampleCanonical": "http://medcomfhir.dk/fhir/core/1.0/StructureDefinition/medcom-hospitalNotification-messageHeader"
      },
      {
        "extension": [
          {
            "url": "http://hl7.org/fhir/tools/StructureDefinition/resource-information",
            "valueString": "Provenance"
          }
        ],
        "reference": {
          "reference": "Provenance/HospitalNotificationAdmitProvenance"
        },
        "name": "HospitalNotificationAdmitProvenance",
        "description": "Provenance information for a medcom Hospital Notification message. Valid only if used in a bundle (message).",
        "exampleCanonical": "http://medcomfhir.dk/fhir/core/1.0/StructureDefinition/medcom-messaging-provenance"
      },
      {
        "extension": [
          {
            "url": "http://hl7.org/fhir/tools/StructureDefinition/resource-information",
            "valueString": "MessageHeader"
          }
        ],
        "reference": {
          "reference": "MessageHeader/HospitalNotificationAdmittedMessageHeader"
        },
        "name": "HospitalNotificationAdmittedMessageHeader",
        "description": "Message header for a hospital notification admit message. Valid only if used in a bundle (message).",
        "exampleCanonical": "http://medcomfhir.dk/fhir/core/1.0/StructureDefinition/medcom-hospitalNotification-messageHeader"
      },
      {
        "extension": [
          {
            "url": "http://hl7.org/fhir/tools/StructureDefinition/resource-information",
            "valueString": "MessageHeader"
          }
        ],
        "reference": {
          "reference": "MessageHeader/HospitalNotificationDischargedDeceasedMessageHeader"
        },
        "name": "HospitalNotificationDischargedDeceasedMessageHeader",
        "description": "Message header for a hospital notification discharge message when patient is deceased. Valid only if used in a bundle (message).",
        "exampleCanonical": "http://medcomfhir.dk/fhir/core/1.0/StructureDefinition/medcom-hospitalNotification-messageHeader"
      },
      {
        "extension": [
          {
            "url": "http://hl7.org/fhir/tools/StructureDefinition/resource-information",
            "valueString": "MessageHeader"
          }
        ],
        "reference": {
          "reference": "MessageHeader/HospitalNotificationDischargedMessageHeader"
        },
        "name": "HospitalNotificationDischargedMessageHeader",
        "description": "Message header for a hospital notification discharge message. Valid only if used in a bundle (message).",
        "exampleCanonical": "http://medcomfhir.dk/fhir/core/1.0/StructureDefinition/medcom-hospitalNotification-messageHeader"
      },
      {
        "extension": [
          {
            "url": "http://hl7.org/fhir/tools/StructureDefinition/resource-information",
            "valueString": "Encounter"
          }
        ],
        "reference": {
          "reference": "Encounter/HospitalNotificationEncounterAdmittetBeforeDeceased"
        },
        "name": "MedCom Hospital Notification Encounter admitted before deceased",
        "description": "Example of MedCom Hospital Noticication inpatient Encounter when patient is admitted",
        "exampleCanonical": "http://medcomfhir.dk/fhir/core/1.0/StructureDefinition/medcom-hospitalNotification-encounter"
      },
      {
        "extension": [
          {
            "url": "http://hl7.org/fhir/tools/StructureDefinition/resource-information",
            "valueString": "Encounter"
          }
        ],
        "reference": {
          "reference": "Encounter/HospitalNotificationEncounterFinished"
        },
        "name": "MedCom Hospital Notification Encounter in progress",
        "description": "Example of MedCom Hospital Noticication inpatient Encounter in progress with Burncenter as serviceProvider",
        "exampleCanonical": "http://medcomfhir.dk/fhir/core/1.0/StructureDefinition/medcom-hospitalNotification-encounter"
      },
      {
        "extension": [
          {
            "url": "http://hl7.org/fhir/tools/StructureDefinition/resource-information",
            "valueString": "Encounter"
          }
        ],
        "reference": {
          "reference": "Encounter/HospitalNotificationEncounterFinishedWhenDeceased"
        },
        "name": "MedCom Hospital Notification Encounter finished",
        "description": "Example of MedCom Hospital Noticication inpatient Encounter finished, patient deceased",
        "exampleCanonical": "http://medcomfhir.dk/fhir/core/1.0/StructureDefinition/medcom-hospitalNotification-encounter"
      },
      {
        "extension": [
          {
            "url": "http://hl7.org/fhir/tools/StructureDefinition/resource-information",
            "valueString": "Encounter"
          }
        ],
        "reference": {
          "reference": "Encounter/HospitalNotificationEncounterInProgress"
        },
        "name": "MedCom Hospital Notification Encounter in progress",
        "description": "Example of MedCom Hospital Noticication inpatient Encounter in progress with Burncenter as serviceProvider",
        "exampleCanonical": "http://medcomfhir.dk/fhir/core/1.0/StructureDefinition/medcom-hospitalNotification-encounter"
      },
      {
        "extension": [
          {
            "url": "http://hl7.org/fhir/tools/StructureDefinition/resource-information",
            "valueString": "Encounter"
          }
        ],
        "reference": {
          "reference": "Encounter/HospitalNotificationEncounterOnLeave"
        },
        "name": "MedCom Hospital Notification Encounter on leave",
        "description": "Example of MedCom Hospital Noticication inpatient Encounter on leave with Burncenter as serviceProvider",
        "exampleCanonical": "http://medcomfhir.dk/fhir/core/1.0/StructureDefinition/medcom-hospitalNotification-encounter"
      },
      {
        "extension": [
          {
            "url": "http://hl7.org/fhir/tools/StructureDefinition/resource-information",
            "valueString": "MessageHeader"
          }
        ],
        "reference": {
          "reference": "MessageHeader/HospitalNotificationEndLeaveMessageHeader"
        },
        "name": "HospitalNotificationEndLeaveMessageHeader",
        "description": "Message header for a hospital notification start leave message. Valid only if used in a bundle (message).",
        "exampleCanonical": "http://medcomfhir.dk/fhir/core/1.0/StructureDefinition/medcom-hospitalNotification-messageHeader"
      },
      {
        "extension": [
          {
            "url": "http://hl7.org/fhir/tools/StructureDefinition/resource-information",
            "valueString": "Provenance"
          }
        ],
        "reference": {
          "reference": "Provenance/HospitalNotificationEndLeaveProvenance"
        },
        "name": "HospitalNotificationEndLeaveProvenance",
        "description": "Provenance information for a medcom Hospital Notification message. Valid only if used in a bundle (message).",
        "exampleCanonical": "http://medcomfhir.dk/fhir/core/1.0/StructureDefinition/medcom-messaging-provenance"
      },
      {
        "extension": [
          {
            "url": "http://hl7.org/fhir/tools/StructureDefinition/resource-information",
            "valueString": "MessageHeader"
          }
        ],
        "reference": {
          "reference": "MessageHeader/HospitalNotificationOnLeaveMessageHeader"
        },
        "name": "HospitalNotificationOnLeaveMessageHeader",
        "description": "Message header for a hospital notification start leave message. Valid only if used in a bundle (message).",
        "exampleCanonical": "http://medcomfhir.dk/fhir/core/1.0/StructureDefinition/medcom-hospitalNotification-messageHeader"
      },
      {
        "extension": [
          {
            "url": "http://hl7.org/fhir/tools/StructureDefinition/resource-information",
            "valueString": "Provenance"
          }
        ],
        "reference": {
          "reference": "Provenance/HospitalNotificationStartLeaveForEndLeaveProvenance"
        },
        "name": "HospitalNotificationStartLeaveForEndLeaveProvenance",
        "description": "Provenance information for a medcom Hospital Notification message. Valid only if used in a bundle (message).",
        "exampleCanonical": "http://medcomfhir.dk/fhir/core/1.0/StructureDefinition/medcom-messaging-provenance"
      },
      {
        "extension": [
          {
            "url": "http://hl7.org/fhir/tools/StructureDefinition/resource-information",
            "valueString": "Provenance"
          }
        ],
        "reference": {
          "reference": "Provenance/HospitalNotificationStartLeaveProvenance"
        },
        "name": "HospitalNotificationStartLeaveProvenance",
        "description": "Provenance information for a medcom Hospital Notification message. Valid only if used in a bundle (message).",
        "exampleCanonical": "http://medcomfhir.dk/fhir/core/1.0/StructureDefinition/medcom-messaging-provenance"
      },
      {
        "extension": [
          {
            "url": "http://hl7.org/fhir/tools/StructureDefinition/resource-information",
            "valueString": "Bundle"
          }
        ],
        "reference": {
          "reference": "Bundle/MedComHospitalNotificationMessageAdmitExample"
        },
        "name": "MedCom Hospital Notification Message Admit Example",
        "description": "Example of MedCom Hospital Notification Admit",
        "exampleCanonical": "http://medcomfhir.dk/fhir/core/1.0/StructureDefinition/medcom-hospitalNotification-message"
      },
      {
        "extension": [
          {
            "url": "http://hl7.org/fhir/tools/StructureDefinition/resource-information",
            "valueString": "Bundle"
          }
        ],
        "reference": {
          "reference": "Bundle/MedComHospitalNotificationMessageAdmittedBeforeDeceasedExample"
        },
        "name": "MedCom Hospital Notification Message Admitted before Deceased Example",
        "description": "Example of MedCom Hospital Notification admit when patient is later deceased",
        "exampleCanonical": "http://medcomfhir.dk/fhir/core/1.0/StructureDefinition/medcom-hospitalNotification-message"
      },
      {
        "extension": [
          {
            "url": "http://hl7.org/fhir/tools/StructureDefinition/resource-information",
            "valueString": "Bundle"
          }
        ],
        "reference": {
          "reference": "Bundle/MedComHospitalNotificationMessageDischargeDeceasedExample"
        },
        "name": "MedCom Hospital Notification Message Discharge Deceased Example",
        "description": "Example of MedCom Hospital Notification Discharge when patient is deceased",
        "exampleCanonical": "http://medcomfhir.dk/fhir/core/1.0/StructureDefinition/medcom-hospitalNotification-message"
      },
      {
        "extension": [
          {
            "url": "http://hl7.org/fhir/tools/StructureDefinition/resource-information",
            "valueString": "Bundle"
          }
        ],
        "reference": {
          "reference": "Bundle/MedComHospitalNotificationMessageDischargeExample"
        },
        "name": "MedCom Hospital Notification Message Discharge Example",
        "description": "Example of MedCom Hospital Notification Discharge",
        "exampleCanonical": "http://medcomfhir.dk/fhir/core/1.0/StructureDefinition/medcom-hospitalNotification-message"
      },
      {
        "extension": [
          {
            "url": "http://hl7.org/fhir/tools/StructureDefinition/resource-information",
            "valueString": "Bundle"
          }
        ],
        "reference": {
          "reference": "Bundle/MedComHospitalNotificationMessageEndLeaveExample"
        },
        "name": "MedCom Hospital Notification Message End Leave Example",
        "description": "Example of MedCom Hospital Notification End Leave",
        "exampleCanonical": "http://medcomfhir.dk/fhir/core/1.0/StructureDefinition/medcom-hospitalNotification-message"
      },
      {
        "extension": [
          {
            "url": "http://hl7.org/fhir/tools/StructureDefinition/resource-information",
            "valueString": "Bundle"
          }
        ],
        "reference": {
          "reference": "Bundle/MedComHospitalNotificationMessageStartLeaveExample"
        },
        "name": "MedCom Hospital Notification Message Start Leave Example",
        "description": "Example of MedCom Hospital Notification Start Leave",
        "exampleCanonical": "http://medcomfhir.dk/fhir/core/1.0/StructureDefinition/medcom-hospitalNotification-message"
      },
      {
        "extension": [
          {
            "url": "http://hl7.org/fhir/tools/StructureDefinition/resource-information",
            "valueString": "MessageHeader"
          }
        ],
        "reference": {
          "reference": "MessageHeader/MessageHeaderExample"
        },
        "name": "MessageHeaderExample",
        "description": "Message Header for an empty message. Valid only if used in a bundle (message).",
        "exampleCanonical": "http://medcomfhir.dk/fhir/core/1.0/StructureDefinition/medcom-messaging-messageHeader"
      },
      {
        "extension": [
          {
            "url": "http://hl7.org/fhir/tools/StructureDefinition/resource-information",
            "valueString": "Organization"
          }
        ],
        "reference": {
          "reference": "Organization/MessageReceiver"
        },
        "name": "MessageReceiver",
        "description": "Example of an organization with a SOR and an EAN identifier.",
        "exampleCanonical": "http://medcomfhir.dk/fhir/core/1.0/StructureDefinition/medcom-messaging-organization"
      },
      {
        "extension": [
          {
            "url": "http://hl7.org/fhir/tools/StructureDefinition/resource-information",
            "valueString": "Organization"
          }
        ],
        "reference": {
          "reference": "Organization/MessageSender"
        },
        "name": "MessageSender",
        "description": "Example of an organization with a SOR and an EAN identifier.",
        "exampleCanonical": "http://medcomfhir.dk/fhir/core/1.0/StructureDefinition/medcom-messaging-organization"
      },
      {
        "extension": [
          {
            "url": "http://hl7.org/fhir/tools/StructureDefinition/resource-information",
            "valueString": "Provenance"
          }
        ],
        "reference": {
          "reference": "Provenance/NewCareCommunicationProvenance"
        },
        "name": "NewCareCommunicationProvenance",
        "description": "Provenance information for a medcom message. Valid only if used in a bundle (message).",
        "exampleCanonical": "http://medcomfhir.dk/fhir/core/1.0/StructureDefinition/medcom-messaging-provenance"
      },
      {
        "extension": [
          {
            "url": "http://hl7.org/fhir/tools/StructureDefinition/resource-information",
            "valueString": "OperationOutcome"
          }
        ],
        "reference": {
          "reference": "OperationOutcome/OperationOutcome-error"
        },
        "name": "OperationOutcome-error",
        "description": "Example of a error operationOutcome",
        "exampleBoolean": true
      },
      {
        "extension": [
          {
            "url": "http://hl7.org/fhir/tools/StructureDefinition/resource-information",
            "valueString": "OperationOutcome"
          }
        ],
        "reference": {
          "reference": "OperationOutcome/OperationOutcome-ok"
        },
        "name": "OperationOutcome-ok",
        "description": "Example of a ok operationOutcome",
        "exampleBoolean": true
      },
      {
        "extension": [
          {
            "url": "http://hl7.org/fhir/tools/StructureDefinition/resource-information",
            "valueString": "Organization"
          }
        ],
        "reference": {
          "reference": "Organization/PractitionerClinic"
        },
        "name": "Practitioner Clinic",
        "description": "An organization with a SOR identifier.",
        "exampleCanonical": "http://medcomfhir.dk/fhir/core/1.0/StructureDefinition/medcom-core-organization"
      },
      {
        "extension": [
          {
            "url": "http://hl7.org/fhir/tools/StructureDefinition/resource-information",
            "valueString": "Encounter"
          }
        ],
        "reference": {
          "reference": "Encounter/example"
        },
        "name": "MedCom Core Encounter",
        "description": "Example of a simple MedCom Core Encounter",
        "exampleCanonical": "http://medcomfhir.dk/fhir/core/1.0/StructureDefinition/medcom-core-encounter"
      }
    ],
    "page": {
      "nameUrl": "toc.html",
      "title": "Table of Contents",
      "generation": "html",
      "page": [
        {
          "nameUrl": "index.html",
          "title": "Home",
          "generation": "markdown"
        },
        {
          "nameUrl": "downloads.html",
          "title": "Downloads",
          "generation": "markdown"
        },
        {
          "nameUrl": "extensions.html",
          "title": "Extensions",
          "generation": "html"
        },
        {
          "nameUrl": "profiles.html",
          "title": "Profiles",
          "generation": "html"
        },
        {
          "nameUrl": "terminology.html",
          "title": "Terminology",
          "generation": "html"
        }
      ]
    },
    "parameter": [
      {
        "code": "path-resource",
        "value": "input/capabilities"
      },
      {
        "code": "path-resource",
        "value": "input/examples"
      },
      {
        "code": "path-resource",
        "value": "input/extensions"
      },
      {
        "code": "path-resource",
        "value": "input/models"
      },
      {
        "code": "path-resource",
        "value": "input/operations"
      },
      {
        "code": "path-resource",
        "value": "input/profiles"
      },
      {
        "code": "path-resource",
        "value": "input/resources"
      },
      {
        "code": "path-resource",
        "value": "input/vocabulary"
      },
      {
        "code": "path-resource",
        "value": "input/maps"
      },
      {
        "code": "path-resource",
        "value": "input/testing"
      },
      {
        "code": "path-resource",
        "value": "input/history"
      },
      {
        "code": "path-resource",
        "value": "fsh-generated/resources"
      },
      {
        "code": "path-pages",
        "value": "template/config"
      },
      {
        "code": "path-pages",
        "value": "input/images"
      },
      {
        "code": "path-tx-cache",
        "value": "input-cache/txcache"
      }
    ]
  }
}