{
  "resourceType": "MessageHeader",
  "id": "HospitalNotificationAdmitDeceasedMessageHeader",
  "meta": {
    "profile": [
      "http://medcomfhir.dk/fhir/core/1.0/StructureDefinition/medcom-hospitalNotification-messageHeader"
    ]
  },
  "text": {
    "status": "generated",
    "div": "<div xmlns=\"http://www.w3.org/1999/xhtml\"><p><b>Generated Narrative</b></p><p><b>event</b>: <span title=\"{http://medcomfhir.dk/fhir/core/1.0/CodeSystem/medcom-messaging-eventCodes hospital-notification-message}\">Hospital Notification Message</span></p><h3>Destinations</h3><table class=\"grid\"><tr><td>-</td><td><b>Extension</b></td><td><b>Endpoint</b></td><td><b>Receiver</b></td></tr><tr><td>*</td><td></td><td><a href=\"http://medcom.dk/unknown\">http://medcom.dk/unknown</a></td><td><a href=\"Organization-MessageReceiver.html\">Generated Summary: id: 543210987654321, id: 3210987654321; name: Receiver Organization</a></td></tr></table><p><b>sender</b>: <a href=\"Organization-MessageSender.html\">Generated Summary: id: 123456789012345, id: 1234567890123; name: Sender Organization</a></p><h3>Sources</h3><table class=\"grid\"><tr><td>-</td><td><b>Endpoint</b></td></tr><tr><td>*</td><td><a href=\"http://medcom.dk/unknown\">http://medcom.dk/unknown</a></td></tr></table><p><b>focus</b>: <a href=\"Encounter-HospitalNotificationEncounterAdmittetBeforeDeceased.html\">Generated Summary: id: 7b9f8497-3314-4535-8f86-20df7b5f4d55; status: in-progress; <span title=\"{http://terminology.hl7.org/CodeSystem/v3-ActCode IMP}\">inpatient encounter</span>; period: 10. jan. 2021 14.44.14 --&gt; (ongoing)</a></p></div>"
  },
  "eventCoding": {
    "system": "http://medcomfhir.dk/fhir/core/1.0/CodeSystem/medcom-messaging-eventCodes",
    "code": "hospital-notification-message"
  },
  "destination": [
    {
      "extension": [
        {
          "url": "http://medcomfhir.dk/fhir/core/1.0/StructureDefinition/medcom-messaging-destinationUseExtension",
          "valueCoding": {
            "system": "http://medcomfhir.dk/fhir/core/1.0/CodeSystem/medcom-messaging-destinationUse",
            "code": "primary"
          }
        }
      ],
      "endpoint": "http://medcom.dk/unknown",
      "receiver": {
        "reference": "Organization/MessageReceiver"
      }
    }
  ],
  "sender": {
    "reference": "Organization/MessageSender"
  },
  "source": {
    "endpoint": "http://medcom.dk/unknown"
  },
  "focus": [
    {
      "reference": "Encounter/HospitalNotificationEncounterAdmittetBeforeDeceased"
    }
  ]
}