{
  "resourceType": "MessageHeader",
  "id": "AcknowledgementHeaderExample-fatal-error",
  "meta": {
    "profile": [
      "http://medcomfhir.dk/fhir/core/1.0/StructureDefinition/medcom-messaging-acknowledgementHeader"
    ]
  },
  "text": {
    "status": "generated",
    "div": "<div xmlns=\"http://www.w3.org/1999/xhtml\"><p><b>Generated Narrative</b></p><p><b>event</b>: <span title=\"{http://medcomfhir.dk/fhir/core/1.0/CodeSystem/medcom-messaging-eventCodes empty-message}\">Message with no content</span></p><h3>Destinations</h3><table class=\"grid\"><tr><td>-</td><td><b>Extension</b></td><td><b>Endpoint</b></td><td><b>Receiver</b></td></tr><tr><td>*</td><td></td><td><a href=\"http://medcomfhir.dk/unknown\">http://medcomfhir.dk/unknown</a></td><td><a href=\"Organization-MessageReceiver.html\">Generated Summary: id: 543210987654321, id: 3210987654321; name: Receiver Organization</a></td></tr></table><p><b>sender</b>: <a href=\"Organization-MessageSender.html\">Generated Summary: id: 123456789012345, id: 1234567890123; name: Sender Organization</a></p><h3>Sources</h3><table class=\"grid\"><tr><td>-</td><td><b>Endpoint</b></td></tr><tr><td>*</td><td><a href=\"http://medcomfhir.dk/unknown\">http://medcomfhir.dk/unknown</a></td></tr></table><h3>Responses</h3><table class=\"grid\"><tr><td>-</td><td><b>Identifier</b></td><td><b>Code</b></td><td><b>Details</b></td></tr><tr><td>*</td><td>MedComHospitalNotificationMessageStartLeaveExample</td><td>fatal-error</td><td><a href=\"OperationOutcome-OperationOutcome-error.html\">Generated Summary: </a></td></tr></table></div>"
  },
  "eventCoding": {
    "system": "http://medcomfhir.dk/fhir/core/1.0/CodeSystem/medcom-messaging-eventCodes",
    "code": "empty-message"
  },
  "destination": [
    {
      "extension": [
        {
          "url": "http://medcomfhir.dk/fhir/core/1.0/StructureDefinition/medcom-messaging-destinationUseExtension",
          "valueCoding": {
            "system": "http://medcomfhir.dk/fhir/core/1.0/CodeSystem/medcom-messaging-destinationUse",
            "code": "primary"
          }
        }
      ],
      "endpoint": "http://medcomfhir.dk/unknown",
      "receiver": {
        "reference": "Organization/MessageReceiver"
      }
    }
  ],
  "sender": {
    "reference": "Organization/MessageSender"
  },
  "source": {
    "endpoint": "http://medcomfhir.dk/unknown"
  },
  "response": {
    "identifier": "MedComHospitalNotificationMessageStartLeaveExample",
    "code": "fatal-error",
    "details": {
      "reference": "OperationOutcome/OperationOutcome-error"
    }
  }
}