{
  "resourceType": "Organization",
  "id": "PractitionerClinic",
  "meta": {
    "profile": [
      "http://medcomfhir.dk/fhir/core/1.0/StructureDefinition/medcom-core-organization"
    ]
  },
  "text": {
    "status": "generated",
    "div": "<div xmlns=\"http://www.w3.org/1999/xhtml\"><p><b>Generated Narrative</b></p><p><b>identifier</b>: id: 378631000016009 (OFFICIAL)</p><p><b>name</b>: Test Practitioner clinic</p></div>"
  },
  "identifier": [
    {
      "use": "official",
      "system": "urn:oid:1.2.208.176.1.1",
      "value": "378631000016009"
    }
  ],
  "name": "Test Practitioner clinic"
}