{
  "resourceType": "ValueSet",
  "id": "medcom-core-encounterClass",
  "text": {
    "status": "extensions",
    "div": "<div xmlns=\"http://www.w3.org/1999/xhtml\"><p>This value set includes codes based on the following rules:</p><ul><li>Include codes from <a href=\"https://terminology.hl7.org/1.0.0//CodeSystem-v3-ActCode.html\"><code>http://terminology.hl7.org/CodeSystem/v3-ActCode</code></a> where concept  is-a  <a href=\"https://terminology.hl7.org/1.0.0//CodeSystem-v3-ActCode.html#v3-ActCode-_ActEncounterCode\">_ActEncounterCode</a></li><li>Include all codes defined in <a href=\"CodeSystem-medcom-core-encounterActCodes.html\"><code>http://medcomfhir.dk/fhir/core/1.0/CodeSystem/medcom-core-encounterActCodes</code></a></li></ul><p>This value set excludes codes based on the following rules:</p><ul><li>Exclude these codes as defined in <a href=\"https://terminology.hl7.org/1.0.0//CodeSystem-v3-ActCode.html\"><code>http://terminology.hl7.org/CodeSystem/v3-ActCode</code></a><table class=\"none\"><tr><td style=\"white-space:nowrap\"><b>Code</b></td><td><b>Display</b></td><td><b>Definition</b></td></tr><tr><td><a href=\"https://terminology.hl7.org/1.0.0//CodeSystem-v3-ActCode.html#v3-ActCode-_ActEncounterCode\">_ActEncounterCode</a></td><td>ActEncounterCode</td><td>Domain provides codes that qualify the ActEncounterClass (ENC)</td></tr></table></li></ul></div>"
  },
  "url": "http://medcomfhir.dk/fhir/core/1.0/ValueSet/medcom-core-encounterClass",
  "version": "1.0",
  "name": "MedComCoreEncounterClass",
  "title": "MedCom Core Encounter Class Codes",
  "status": "active",
  "date": "2021-01-22T10:15:14+01:00",
  "publisher": "MedCom",
  "contact": [
    {
      "name": "MedCom",
      "telecom": [
        {
          "system": "url",
          "value": "http://www.medcom.dk"
        }
      ]
    }
  ],
  "description": "ValueSet containg class codes for MedCom core encounter",
  "jurisdiction": [
    {
      "coding": [
        {
          "system": "urn:iso:std:iso:3166",
          "code": "DK",
          "display": "Denmark"
        }
      ]
    }
  ],
  "compose": {
    "include": [
      {
        "system": "http://terminology.hl7.org/CodeSystem/v3-ActCode",
        "filter": [
          {
            "property": "concept",
            "op": "is-a",
            "value": "_ActEncounterCode"
          }
        ]
      },
      {
        "system": "http://medcomfhir.dk/fhir/core/1.0/CodeSystem/medcom-core-encounterActCodes"
      }
    ],
    "exclude": [
      {
        "system": "http://terminology.hl7.org/CodeSystem/v3-ActCode",
        "concept": [
          {
            "code": "_ActEncounterCode"
          }
        ]
      }
    ]
  }
}