{
  "resourceType": "ValueSet",
  "id": "medcom-hospitalNotification-messageActivities",
  "text": {
    "status": "generated",
    "div": "<div xmlns=\"http://www.w3.org/1999/xhtml\"><ul><li>Include these codes as defined in <a href=\"CodeSystem-medcom-messaging-activityCodes.html\"><code>http://medcomfhir.dk/fhir/core/1.0/CodeSystem/medcom-messaging-activityCodes</code></a><table class=\"none\"><tr><td style=\"white-space:nowrap\"><b>Code</b></td><td><b>Display</b></td></tr><tr><td><a href=\"CodeSystem-medcom-messaging-activityCodes.html#medcom-messaging-activityCodes-admit-emergency\">admit-emergency</a></td><td>Start hospital stay-acute ambulant</td></tr><tr><td><a href=\"CodeSystem-medcom-messaging-activityCodes.html#medcom-messaging-activityCodes-revise-admit-emergency\">revise-admit-emergency</a></td><td>Update of Start hospital stay-acute ambulant</td></tr><tr><td><a href=\"CodeSystem-medcom-messaging-activityCodes.html#medcom-messaging-activityCodes-cancel-admit-emergency\">cancel-admit-emergency</a></td><td>Cancellation of start hospital stay-acute ambulant</td></tr><tr><td><a href=\"CodeSystem-medcom-messaging-activityCodes.html#medcom-messaging-activityCodes-admit-inpatient\">admit-inpatient</a></td><td>Start hospital stay-admission</td></tr><tr><td><a href=\"CodeSystem-medcom-messaging-activityCodes.html#medcom-messaging-activityCodes-revise-admit-inpatient\">revise-admit-inpatient</a></td><td>Update of start hospital stay-admission</td></tr><tr><td><a href=\"CodeSystem-medcom-messaging-activityCodes.html#medcom-messaging-activityCodes-cancel-admit-inpatient\">cancel-admit-inpatient</a></td><td>Cancellation of start hospital stay-admission</td></tr><tr><td><a href=\"CodeSystem-medcom-messaging-activityCodes.html#medcom-messaging-activityCodes-start-leave-inpatient\">start-leave-inpatient</a></td><td>Start leave</td></tr><tr><td><a href=\"CodeSystem-medcom-messaging-activityCodes.html#medcom-messaging-activityCodes-revise-start-leave-inpatient\">revise-start-leave-inpatient</a></td><td>Update of Start leave</td></tr><tr><td><a href=\"CodeSystem-medcom-messaging-activityCodes.html#medcom-messaging-activityCodes-cancel-start-leave-inpatient\">cancel-start-leave-inpatient</a></td><td>Cancellation of Start leave</td></tr><tr><td><a href=\"CodeSystem-medcom-messaging-activityCodes.html#medcom-messaging-activityCodes-end-leave-inpatient\">end-leave-inpatient</a></td><td>End leave</td></tr><tr><td><a href=\"CodeSystem-medcom-messaging-activityCodes.html#medcom-messaging-activityCodes-revise-end-leave-inpatient\">revise-end-leave-inpatient</a></td><td>Update of End leave</td></tr><tr><td><a href=\"CodeSystem-medcom-messaging-activityCodes.html#medcom-messaging-activityCodes-cancel-end-leave-inpatient\">cancel-end-leave-inpatient</a></td><td>Cancellation of End leave</td></tr><tr><td><a href=\"CodeSystem-medcom-messaging-activityCodes.html#medcom-messaging-activityCodes-discharge-emergency-home\">discharge-emergency-home</a></td><td>End hospital Stay - patient discharged to home/primary sector</td></tr><tr><td><a href=\"CodeSystem-medcom-messaging-activityCodes.html#medcom-messaging-activityCodes-discharge-inpatient-home\">discharge-inpatient-home</a></td><td>End hospital Stay - patient discharged to home/primary sector</td></tr><tr><td><a href=\"CodeSystem-medcom-messaging-activityCodes.html#medcom-messaging-activityCodes-revise-discharge-emergency-home\">revise-discharge-emergency-home</a></td><td>Update of End hospital Stay</td></tr><tr><td><a href=\"CodeSystem-medcom-messaging-activityCodes.html#medcom-messaging-activityCodes-revise-discharge-inpatient-home\">revise-discharge-inpatient-home</a></td><td>Update of End hospital Stay</td></tr><tr><td><a href=\"CodeSystem-medcom-messaging-activityCodes.html#medcom-messaging-activityCodes-cancel-discharge-emergency-home\">cancel-discharge-emergency-home</a></td><td>Cancellation of End hospital Stay</td></tr><tr><td><a href=\"CodeSystem-medcom-messaging-activityCodes.html#medcom-messaging-activityCodes-cancel-discharge-inpatient-home\">cancel-discharge-inpatient-home</a></td><td>Cancellation of End hospital Stay</td></tr></table></li></ul></div>"
  },
  "url": "http://medcomfhir.dk/fhir/core/1.0/ValueSet/medcom-hospitalNotification-messageActivities",
  "version": "1.0",
  "name": "MedComHospitalNotificationMessageActivities",
  "title": "MedCom Hospital Notification Message Activity Codes",
  "status": "active",
  "date": "2021-01-22T10:15:14+01:00",
  "publisher": "MedCom",
  "contact": [
    {
      "name": "MedCom",
      "telecom": [
        {
          "system": "url",
          "value": "http://www.medcom.dk"
        }
      ]
    }
  ],
  "description": "ValueSet containg activity codes for hospital notification messages",
  "jurisdiction": [
    {
      "coding": [
        {
          "system": "urn:iso:std:iso:3166",
          "code": "DK",
          "display": "Denmark"
        }
      ]
    }
  ],
  "compose": {
    "include": [
      {
        "system": "http://medcomfhir.dk/fhir/core/1.0/CodeSystem/medcom-messaging-activityCodes",
        "concept": [
          {
            "code": "admit-emergency",
            "display": "Start hospital stay-acute ambulant"
          },
          {
            "code": "revise-admit-emergency",
            "display": "Update of Start hospital stay-acute ambulant"
          },
          {
            "code": "cancel-admit-emergency",
            "display": "Cancellation of start hospital stay-acute ambulant"
          },
          {
            "code": "admit-inpatient",
            "display": "Start hospital stay-admission"
          },
          {
            "code": "revise-admit-inpatient",
            "display": "Update of start hospital stay-admission"
          },
          {
            "code": "cancel-admit-inpatient",
            "display": "Cancellation of start hospital stay-admission"
          },
          {
            "code": "start-leave-inpatient",
            "display": "Start leave"
          },
          {
            "code": "revise-start-leave-inpatient",
            "display": "Update of Start leave"
          },
          {
            "code": "cancel-start-leave-inpatient",
            "display": "Cancellation of Start leave"
          },
          {
            "code": "end-leave-inpatient",
            "display": "End leave"
          },
          {
            "code": "revise-end-leave-inpatient",
            "display": "Update of End leave"
          },
          {
            "code": "cancel-end-leave-inpatient",
            "display": "Cancellation of End leave"
          },
          {
            "code": "discharge-emergency-home",
            "display": "End hospital Stay - patient discharged to home/primary sector"
          },
          {
            "code": "discharge-inpatient-home",
            "display": "End hospital Stay - patient discharged to home/primary sector"
          },
          {
            "code": "revise-discharge-emergency-home",
            "display": "Update of End hospital Stay"
          },
          {
            "code": "revise-discharge-inpatient-home",
            "display": "Update of End hospital Stay"
          },
          {
            "code": "cancel-discharge-emergency-home",
            "display": "Cancellation of End hospital Stay"
          },
          {
            "code": "cancel-discharge-inpatient-home",
            "display": "Cancellation of End hospital Stay"
          }
        ]
      }
    ]
  }
}